# Blender 4.5.4 LTS
# www.blender.org
mtllib OrderEquipment.mtl
o Graphite_Pencil
v 0.399508 0.019200 -0.305465
v 0.399588 0.017350 -0.306537
v 0.399921 0.025657 -0.311004
v 0.399778 0.025665 -0.309090
v 0.195823 0.017350 -0.321709
v 0.195744 0.019200 -0.320637
v 0.196013 0.025665 -0.324262
v 0.196156 0.025657 -0.326175
v 0.400107 0.017320 -0.313505
v 0.400186 0.019160 -0.314563
v 0.196421 0.019160 -0.329734
v 0.196342 0.017320 -0.328677
v 0.399916 0.019271 -0.305627
v 0.399992 0.017499 -0.306654
v 0.400311 0.025436 -0.310934
v 0.400174 0.025444 -0.309100
v 0.400489 0.017470 -0.313331
v 0.400565 0.019233 -0.314344
v 0.390611 0.017350 -0.307206
v 0.390532 0.019200 -0.306134
v 0.390944 0.025657 -0.311672
v 0.390801 0.025665 -0.309758
v 0.391130 0.017320 -0.314174
v 0.391209 0.019160 -0.315231
v 0.204999 0.019200 -0.319948
v 0.205411 0.025657 -0.325486
v 0.205598 0.017320 -0.327988
v 0.205079 0.017350 -0.321020
v 0.205269 0.025665 -0.323573
v 0.205676 0.019160 -0.329045
v 0.296111 0.017350 -0.314242
v 0.296301 0.025665 -0.316795
v 0.296709 0.019160 -0.322267
v 0.296031 0.019200 -0.313170
v 0.296444 0.025657 -0.318708
v 0.296630 0.017320 -0.321210
v 0.347609 0.017350 -0.310408
v 0.347799 0.025665 -0.312960
v 0.348206 0.019160 -0.318433
v 0.347529 0.019200 -0.309336
v 0.347941 0.025657 -0.314874
v 0.348127 0.017320 -0.317375
v 0.245281 0.019200 -0.316949
v 0.245693 0.025657 -0.322487
v 0.245880 0.017320 -0.324988
v 0.245361 0.017350 -0.318021
v 0.245551 0.025665 -0.320573
v 0.245958 0.019160 -0.326046
v 0.192596 0.017770 -0.322388
v 0.192525 0.019448 -0.321432
v 0.192761 0.025104 -0.324601
v 0.192892 0.025104 -0.326351
v 0.193125 0.019419 -0.329479
v 0.193053 0.017741 -0.328523
v 0.178067 0.019898 -0.325691
v 0.178037 0.020698 -0.325325
v 0.178098 0.022235 -0.326188
v 0.178166 0.022271 -0.327103
v 0.178240 0.020726 -0.328051
v 0.178210 0.019872 -0.327609
v 0.399625 0.022612 -0.307032
v 0.192143 0.022611 -0.322480
v 0.192590 0.022583 -0.328479
v 0.400072 0.022586 -0.313031
v 0.400027 0.022524 -0.307128
v 0.400455 0.022499 -0.312876
v 0.390648 0.022666 -0.307700
v 0.391095 0.022640 -0.313699
v 0.202465 0.022727 -0.327744
v 0.202018 0.022753 -0.321745
v 0.296148 0.022666 -0.314736
v 0.296595 0.022640 -0.320735
v 0.347645 0.022666 -0.310902
v 0.348092 0.022640 -0.316901
v 0.245225 0.022644 -0.324560
v 0.244778 0.022670 -0.318561
v 0.189524 0.022511 -0.322998
v 0.189926 0.022504 -0.328393
v 0.178044 0.021602 -0.325490
v 0.178217 0.021694 -0.327821
v 0.192369 0.017041 -0.325515
v 0.399851 0.017041 -0.310067
v 0.400244 0.017202 -0.310036
v 0.390874 0.017041 -0.310735
v 0.202244 0.017041 -0.324780
v 0.296374 0.017041 -0.317771
v 0.347871 0.017041 -0.313937
v 0.245004 0.017041 -0.321596
v 0.189727 0.017452 -0.325720
v 0.178134 0.019537 -0.326626
v 0.175446 0.020350 -0.326443
v 0.175248 0.020730 -0.326277
v 0.174920 0.021458 -0.326664
v 0.174945 0.021453 -0.327120
v 0.175338 0.020722 -0.327614
v 0.175520 0.020338 -0.327384
v 0.175045 0.021158 -0.326360
v 0.175100 0.021115 -0.327425
v 0.175560 0.020178 -0.326860
v 0.174353 0.020585 -0.326780
v 0.174223 0.020755 -0.326707
v 0.173996 0.021081 -0.326876
v 0.174005 0.021074 -0.327084
v 0.174262 0.020746 -0.327317
v 0.174388 0.020579 -0.327209
v 0.174085 0.020947 -0.326745
v 0.174104 0.020909 -0.327214
v 0.174423 0.020508 -0.326961
v 0.174124 0.020737 -0.326994
v 0.180440 0.021819 -0.324969
v 0.180661 0.021892 -0.327942
v 0.181079 0.019456 -0.325004
v 0.181288 0.019430 -0.327800
v 0.181328 0.020457 -0.328349
v 0.181043 0.020440 -0.324515
v 0.181224 0.022950 -0.326948
v 0.181143 0.022922 -0.325857
v 0.180549 0.019102 -0.326437
v 0.177358 0.021501 -0.325683
v 0.177365 0.022059 -0.326294
v 0.177604 0.019972 -0.327562
v 0.177559 0.019674 -0.326678
v 0.177476 0.019995 -0.325859
v 0.177403 0.020703 -0.325538
v 0.177505 0.021561 -0.327735
v 0.177581 0.020723 -0.327958
v 0.177423 0.022085 -0.327110
v 0.400677 0.019668 -0.306645
v 0.400735 0.018328 -0.307421
v 0.400976 0.024226 -0.310656
v 0.400873 0.024232 -0.309270
v 0.401111 0.018307 -0.312467
v 0.401168 0.019639 -0.313233
v 0.400762 0.022077 -0.307780
v 0.401085 0.022058 -0.312124
v 0.400925 0.018105 -0.309977
v 0.401156 0.020114 -0.307996
v 0.401187 0.019412 -0.308412
v 0.401329 0.022803 -0.310307
v 0.401272 0.022807 -0.309554
v 0.401412 0.019398 -0.311431
v 0.401443 0.020097 -0.311840
v 0.401285 0.021324 -0.309024
v 0.401419 0.021316 -0.310820
v 0.401353 0.019730 -0.309933
v 0.196684 0.018025 -0.320719
v 0.398303 0.017350 -0.306633
v 0.399520 0.018025 -0.305617
v 0.197433 0.019200 -0.320511
v 0.399850 0.026164 -0.310049
v 0.197845 0.025657 -0.326050
v 0.197014 0.026164 -0.325152
v 0.398493 0.025665 -0.309186
v 0.400174 0.017987 -0.314404
v 0.198031 0.017320 -0.328551
v 0.197338 0.017987 -0.329507
v 0.398901 0.019160 -0.314659
v 0.193905 0.017070 -0.327313
v 0.399707 0.017086 -0.308131
v 0.399703 0.024314 -0.308078
v 0.193464 0.020859 -0.321392
v 0.193907 0.024304 -0.327347
v 0.400144 0.020822 -0.313997
v 0.399926 0.018146 -0.305772
v 0.400243 0.025922 -0.310019
v 0.400553 0.018109 -0.314192
v 0.400106 0.017246 -0.308181
v 0.400102 0.024146 -0.308131
v 0.400524 0.020817 -0.313802
v 0.400281 0.017339 -0.313474
v 0.400360 0.019169 -0.314526
v 0.400096 0.025629 -0.310986
v 0.399954 0.025638 -0.309082
v 0.399686 0.019209 -0.305476
v 0.399765 0.017369 -0.306543
v 0.372295 0.017350 -0.308569
v 0.398224 0.019200 -0.305561
v 0.398636 0.025657 -0.311099
v 0.372485 0.025665 -0.311122
v 0.398822 0.017320 -0.313601
v 0.372893 0.019160 -0.316595
v 0.390730 0.017086 -0.308799
v 0.391197 0.017987 -0.315073
v 0.390873 0.026164 -0.310718
v 0.390543 0.018025 -0.306285
v 0.390575 0.020875 -0.306716
v 0.391167 0.020841 -0.314665
v 0.222055 0.019200 -0.318678
v 0.222467 0.025657 -0.324216
v 0.222653 0.017320 -0.326718
v 0.197513 0.017350 -0.321583
v 0.197703 0.025665 -0.324136
v 0.198110 0.019160 -0.329609
v 0.203698 0.020844 -0.328624
v 0.205785 0.018025 -0.320042
v 0.203262 0.017086 -0.322758
v 0.206439 0.017987 -0.328829
v 0.206115 0.026164 -0.324474
v 0.203107 0.020878 -0.320674
v 0.270456 0.017350 -0.316152
v 0.270646 0.025665 -0.318705
v 0.271054 0.019160 -0.324178
v 0.321780 0.019200 -0.311253
v 0.322192 0.025657 -0.316791
v 0.322379 0.017320 -0.319293
v 0.296075 0.020875 -0.313752
v 0.296373 0.026164 -0.317754
v 0.296697 0.017987 -0.322109
v 0.296667 0.020841 -0.321701
v 0.296043 0.018025 -0.313321
v 0.296230 0.017086 -0.315835
v 0.321860 0.017350 -0.312325
v 0.322050 0.025665 -0.314877
v 0.322457 0.019160 -0.320350
v 0.372216 0.019200 -0.307498
v 0.372628 0.025657 -0.313036
v 0.372814 0.017320 -0.315537
v 0.348194 0.017987 -0.318275
v 0.347870 0.026164 -0.313919
v 0.347572 0.020875 -0.309917
v 0.348164 0.020841 -0.317867
v 0.347540 0.018025 -0.309487
v 0.347727 0.017086 -0.312001
v 0.270376 0.019200 -0.315080
v 0.270789 0.025657 -0.320619
v 0.270975 0.017320 -0.323120
v 0.222134 0.017350 -0.319750
v 0.222324 0.025665 -0.322303
v 0.222732 0.019160 -0.327775
v 0.245092 0.017086 -0.319643
v 0.245447 0.018025 -0.317089
v 0.245529 0.020841 -0.325509
v 0.244937 0.020876 -0.317559
v 0.245777 0.026164 -0.321521
v 0.246101 0.017987 -0.325876
v 0.193311 0.018395 -0.321519
v 0.193602 0.025649 -0.325420
v 0.193888 0.018362 -0.329267
v 0.191014 0.017490 -0.327309
v 0.190624 0.020902 -0.322064
v 0.191021 0.023934 -0.327396
v 0.195341 0.025584 -0.324324
v 0.195482 0.025577 -0.326217
v 0.195075 0.019231 -0.320756
v 0.195154 0.017403 -0.321814
v 0.195743 0.019193 -0.329722
v 0.195665 0.017373 -0.328677
v 0.178048 0.020264 -0.325434
v 0.178132 0.022335 -0.326646
v 0.178232 0.020256 -0.327915
v 0.178174 0.019621 -0.327155
v 0.178035 0.021159 -0.325340
v 0.178194 0.022051 -0.327507
v 0.186963 0.024183 -0.325228
v 0.178616 0.022373 -0.327081
v 0.186795 0.019943 -0.322970
v 0.187238 0.019937 -0.328915
v 0.178658 0.019808 -0.327638
v 0.186849 0.018612 -0.323693
v 0.399552 0.020857 -0.306047
v 0.193615 0.024323 -0.323423
v 0.194056 0.020824 -0.329342
v 0.399995 0.024297 -0.312002
v 0.399957 0.020851 -0.306185
v 0.400382 0.024130 -0.311891
v 0.390726 0.024339 -0.308747
v 0.391018 0.024322 -0.312671
v 0.203550 0.024394 -0.326629
v 0.203258 0.024411 -0.322705
v 0.296226 0.024339 -0.315783
v 0.296518 0.024322 -0.319707
v 0.347723 0.024339 -0.311948
v 0.348015 0.024322 -0.315872
v 0.245381 0.024325 -0.323514
v 0.245088 0.024342 -0.319590
v 0.190756 0.023936 -0.323834
v 0.191151 0.020885 -0.329145
v 0.178066 0.021977 -0.325786
v 0.178234 0.021230 -0.328012
v 0.178585 0.021727 -0.327841
v 0.178404 0.021636 -0.325411
v 0.191991 0.022572 -0.328488
v 0.191550 0.022597 -0.322565
v 0.270415 0.022666 -0.316652
v 0.220759 0.022675 -0.326381
v 0.322343 0.022640 -0.318818
v 0.372332 0.022666 -0.309064
v 0.270862 0.022640 -0.322651
v 0.321897 0.022666 -0.312819
v 0.220313 0.022701 -0.320383
v 0.194357 0.022603 -0.328347
v 0.372779 0.022640 -0.315063
v 0.398340 0.022655 -0.307128
v 0.399802 0.022599 -0.307035
v 0.400246 0.022573 -0.313002
v 0.193910 0.022631 -0.322349
v 0.398787 0.022629 -0.313126
v 0.193619 0.017086 -0.323476
v 0.399993 0.017070 -0.311968
v 0.400380 0.017230 -0.311858
v 0.391016 0.017070 -0.312636
v 0.203547 0.017070 -0.326595
v 0.296516 0.017070 -0.319673
v 0.348013 0.017070 -0.315838
v 0.245378 0.017070 -0.323480
v 0.190763 0.017507 -0.323932
v 0.178097 0.019640 -0.326110
v 0.178493 0.019472 -0.326598
v 0.191773 0.017093 -0.325561
v 0.220539 0.017041 -0.323418
v 0.322123 0.017041 -0.315854
v 0.270641 0.017041 -0.319687
v 0.194136 0.017041 -0.325384
v 0.372558 0.017041 -0.312099
v 0.400027 0.017061 -0.310054
v 0.398566 0.017041 -0.310163
v 0.175352 0.020524 -0.326327
v 0.174914 0.021502 -0.326895
v 0.175443 0.020518 -0.327555
v 0.175560 0.020218 -0.327132
v 0.175142 0.020949 -0.326290
v 0.175008 0.021309 -0.327288
v 0.174967 0.021336 -0.326483
v 0.175217 0.020920 -0.327552
v 0.175519 0.020228 -0.326623
v 0.177895 0.021580 -0.325531
v 0.176167 0.021773 -0.326470
v 0.178074 0.019893 -0.327599
v 0.176613 0.019910 -0.326765
v 0.177934 0.019918 -0.325728
v 0.176366 0.020714 -0.325890
v 0.178063 0.021666 -0.327804
v 0.176502 0.020719 -0.327802
v 0.176209 0.021783 -0.327117
v 0.174293 0.020662 -0.326727
v 0.173985 0.021105 -0.326982
v 0.174334 0.020659 -0.327295
v 0.174420 0.020524 -0.327089
v 0.174150 0.020855 -0.326711
v 0.174042 0.021004 -0.327157
v 0.174028 0.021030 -0.326795
v 0.174180 0.020827 -0.327282
v 0.174400 0.020528 -0.326855
v 0.174828 0.020377 -0.326925
v 0.174729 0.020493 -0.326652
v 0.174241 0.021228 -0.327109
v 0.174381 0.020983 -0.327304
v 0.174604 0.020736 -0.327454
v 0.174780 0.020484 -0.327293
v 0.174351 0.021036 -0.326599
v 0.174226 0.021237 -0.326797
v 0.174545 0.020748 -0.326543
v 0.180709 0.022462 -0.325378
v 0.181476 0.019864 -0.328198
v 0.181210 0.019877 -0.324620
v 0.180923 0.021167 -0.328249
v 0.180730 0.019196 -0.325656
v 0.180866 0.022522 -0.327486
v 0.180656 0.021113 -0.324657
v 0.180844 0.019177 -0.327187
v 0.185148 0.018276 -0.326078
v 0.184992 0.022228 -0.323982
v 0.185303 0.022261 -0.328168
v 0.178505 0.019833 -0.325589
v 0.187182 0.018584 -0.328162
v 0.178692 0.020689 -0.328096
v 0.178476 0.020662 -0.325205
v 0.187069 0.024196 -0.326649
v 0.174200 0.020645 -0.326875
v 0.178545 0.022338 -0.326138
v 0.174057 0.020834 -0.327127
v 0.174147 0.020738 -0.327183
v 0.174125 0.020744 -0.326832
v 0.174045 0.020855 -0.326854
v 0.173994 0.020932 -0.326931
v 0.173999 0.020927 -0.327049
v 0.174240 0.020601 -0.326981
v 0.174220 0.020642 -0.327121
v 0.181342 0.023091 -0.326392
v 0.176232 0.021337 -0.326006
v 0.177938 0.022195 -0.326210
v 0.176613 0.020142 -0.327482
v 0.178006 0.019565 -0.326638
v 0.176510 0.020160 -0.326137
v 0.177896 0.020700 -0.325372
v 0.176334 0.021342 -0.327589
v 0.178094 0.020726 -0.328031
v 0.178004 0.022230 -0.327105
v 0.177601 0.020311 -0.327839
v 0.177463 0.021881 -0.327461
v 0.177519 0.019766 -0.326225
v 0.177389 0.022146 -0.326703
v 0.177376 0.021111 -0.325552
v 0.177546 0.021157 -0.327913
v 0.177437 0.020319 -0.325634
v 0.177589 0.019749 -0.327151
v 0.177354 0.021831 -0.325940
v 0.400685 0.018817 -0.306755
v 0.400924 0.024596 -0.309965
v 0.401159 0.018790 -0.313119
v 0.400821 0.018137 -0.308575
v 0.400818 0.023290 -0.308537
v 0.401137 0.020799 -0.312823
v 0.400709 0.020824 -0.307066
v 0.401030 0.023277 -0.311379
v 0.401028 0.018125 -0.311354
v 0.400512 0.024958 -0.309162
v 0.400379 0.022344 -0.307380
v 0.400635 0.024951 -0.310820
v 0.400278 0.019427 -0.306023
v 0.400865 0.019393 -0.313903
v 0.400766 0.022322 -0.312575
v 0.400797 0.017799 -0.312986
v 0.400347 0.017825 -0.306951
v 0.400575 0.017557 -0.310008
v 0.401194 0.019770 -0.308208
v 0.401322 0.022809 -0.309929
v 0.401449 0.019755 -0.311626
v 0.401262 0.019519 -0.309017
v 0.401285 0.022227 -0.309329
v 0.401444 0.020595 -0.311455
v 0.401215 0.020608 -0.308384
v 0.401374 0.022222 -0.310523
v 0.401398 0.019512 -0.310839
v 0.401218 0.023405 -0.310468
v 0.401139 0.023409 -0.309415
v 0.401186 0.018806 -0.309952
v 0.401322 0.018916 -0.311864
v 0.401365 0.019917 -0.312445
v 0.401305 0.021734 -0.311559
v 0.401063 0.021748 -0.308307
v 0.400990 0.019939 -0.307402
v 0.401033 0.018933 -0.307991
v 0.401428 0.020502 -0.310430
v 0.401353 0.020506 -0.309419
v 0.401390 0.021400 -0.309921
v 0.398710 0.024322 -0.312098
v 0.195353 0.024333 -0.323293
v 0.398235 0.018025 -0.305712
v 0.198684 0.026164 -0.325027
v 0.199008 0.017987 -0.329383
v 0.398708 0.017070 -0.312064
v 0.400348 0.018002 -0.314369
v 0.400170 0.024272 -0.311979
v 0.400025 0.026134 -0.310036
v 0.399697 0.018040 -0.305627
v 0.400168 0.017090 -0.311945
v 0.399729 0.020855 -0.306055
v 0.372700 0.017070 -0.314000
v 0.398889 0.017987 -0.314500
v 0.398565 0.026164 -0.310145
v 0.372227 0.018025 -0.307649
v 0.398418 0.024339 -0.308174
v 0.372702 0.024322 -0.314034
v 0.195645 0.024316 -0.327217
v 0.198354 0.018025 -0.320595
v 0.195642 0.017070 -0.327183
v 0.223185 0.017987 -0.327582
v 0.222860 0.026164 -0.323227
v 0.221088 0.024366 -0.321377
v 0.321975 0.024339 -0.313866
v 0.322121 0.026164 -0.315837
v 0.322446 0.017987 -0.320192
v 0.270815 0.024322 -0.321621
v 0.270407 0.018025 -0.315230
v 0.270812 0.017070 -0.321586
v 0.372881 0.017987 -0.316437
v 0.372557 0.026164 -0.312081
v 0.372410 0.024339 -0.310110
v 0.322267 0.024322 -0.317790
v 0.321791 0.018025 -0.311404
v 0.322264 0.017070 -0.317755
v 0.221377 0.017070 -0.325267
v 0.222530 0.018025 -0.318795
v 0.221380 0.024349 -0.325301
v 0.270522 0.024339 -0.317697
v 0.270737 0.026164 -0.319663
v 0.271061 0.017987 -0.324018
v 0.196321 0.026074 -0.325205
v 0.192992 0.024250 -0.323494
v 0.195996 0.018072 -0.320839
v 0.193427 0.020828 -0.329337
v 0.192996 0.017139 -0.323552
v 0.196641 0.018034 -0.329497
v 0.178602 0.022447 -0.326609
v 0.178460 0.022050 -0.325724
v 0.178704 0.020200 -0.327958
v 0.178507 0.020208 -0.325314
v 0.178633 0.021224 -0.328048
v 0.178484 0.019574 -0.326043
v 0.178592 0.022124 -0.327506
v 0.178424 0.021155 -0.325237
v 0.193280 0.024233 -0.327373
v 0.192843 0.020861 -0.321496
v 0.270371 0.020875 -0.315665
v 0.221528 0.020842 -0.327296
v 0.322415 0.020841 -0.319784
v 0.372259 0.020875 -0.308079
v 0.270963 0.020841 -0.323615
v 0.321823 0.020875 -0.311835
v 0.220936 0.020877 -0.319346
v 0.195793 0.020839 -0.329212
v 0.372851 0.020841 -0.316029
v 0.398267 0.020867 -0.306143
v 0.399879 0.024290 -0.308075
v 0.400318 0.020821 -0.313963
v 0.195202 0.020874 -0.321262
v 0.398859 0.020833 -0.314093
v 0.178567 0.019555 -0.327159
v 0.193277 0.017122 -0.327332
v 0.221092 0.017086 -0.321430
v 0.321979 0.017086 -0.313918
v 0.270526 0.017086 -0.317749
v 0.195357 0.017086 -0.323346
v 0.372414 0.017086 -0.310163
v 0.399883 0.017106 -0.308128
v 0.398422 0.017086 -0.308227
v 0.176187 0.021595 -0.326199
v 0.176628 0.019968 -0.327144
v 0.176440 0.020414 -0.325964
v 0.176418 0.021039 -0.327745
v 0.176294 0.021032 -0.325903
v 0.176175 0.021840 -0.326795
v 0.176571 0.019982 -0.326414
v 0.176262 0.021605 -0.327381
v 0.176569 0.020406 -0.327711
v 0.174794 0.020410 -0.326768
v 0.174296 0.021120 -0.327216
v 0.174705 0.020604 -0.327416
v 0.174274 0.021156 -0.326678
v 0.174823 0.020404 -0.327114
v 0.174643 0.020610 -0.326575
v 0.174489 0.020859 -0.327400
v 0.174444 0.020895 -0.326552
v 0.174216 0.021267 -0.326955
v 0.174100 0.020795 -0.327190
v 0.174081 0.020813 -0.326810
v 0.173971 0.020979 -0.326990
v 0.174247 0.020596 -0.326907
v 0.174008 0.020912 -0.327107
v 0.174203 0.020683 -0.327198
v 0.173999 0.020930 -0.326866
v 0.174260 0.020594 -0.327062
v 0.174175 0.020686 -0.326821
v 0.185939 0.018332 -0.327248
v 0.185650 0.021019 -0.323358
v 0.185954 0.023413 -0.327441
v 0.185756 0.018350 -0.324792
v 0.186047 0.021037 -0.328698
v 0.187272 0.019134 -0.323066
v 0.187694 0.019111 -0.328733
v 0.185742 0.023384 -0.324604
v 0.187483 0.024452 -0.325905
v 0.178091 0.020268 -0.327899
v 0.178036 0.022014 -0.327499
v 0.177968 0.019666 -0.326135
v 0.177970 0.022292 -0.326658
v 0.177891 0.021149 -0.325385
v 0.178084 0.021215 -0.327991
v 0.177910 0.020276 -0.325478
v 0.178044 0.019647 -0.327154
v 0.177912 0.021945 -0.325818
v 0.400447 0.023801 -0.308286
v 0.400574 0.025390 -0.309993
v 0.400316 0.020840 -0.306527
v 0.400828 0.020810 -0.313412
v 0.400855 0.018377 -0.313765
v 0.400700 0.023786 -0.311685
v 0.400450 0.017596 -0.308332
v 0.400288 0.018410 -0.306154
v 0.400697 0.017582 -0.311655
v 0.401181 0.023661 -0.309943
v 0.401263 0.018802 -0.311018
v 0.401344 0.020768 -0.312115
v 0.401360 0.019292 -0.312346
v 0.401019 0.020787 -0.307740
v 0.401102 0.018811 -0.308867
v 0.400999 0.019313 -0.307498
v 0.401261 0.022688 -0.310999
v 0.401103 0.022697 -0.308876
v 0.401458 0.020137 -0.311019
v 0.401295 0.020147 -0.308821
v 0.401377 0.022093 -0.309922
v 0.401396 0.020809 -0.309924
vn -0.0090 0.0999 0.9950
vn 0.0386 -0.9184 0.3939
vn 0.1190 0.7596 -0.6394
vn 0.0237 0.7654 0.6431
vn -0.0831 -0.9009 0.4261
vn -0.1241 0.0576 0.9906
vn -0.1002 0.7981 0.5941
vn -0.0088 0.7918 -0.6107
vn 0.0969 -0.9178 -0.3850
vn 0.1382 0.0922 -0.9861
vn 0.0284 0.0535 -0.9982
vn -0.0170 -0.9009 -0.4336
vn 0.6223 0.0858 0.7781
vn 0.6747 -0.6642 0.3219
vn 0.7291 0.5371 -0.4242
vn 0.6596 0.5408 0.5220
vn 0.7164 -0.6626 -0.2186
vn 0.7290 0.0802 -0.6798
vn -0.0288 -0.9220 0.3862
vn -0.0738 0.1033 0.9919
vn 0.0482 0.7602 -0.6479
vn -0.0477 0.7661 0.6409
vn 0.0288 -0.9214 -0.3875
vn 0.0740 0.0956 -0.9927
vn -0.0739 0.1029 0.9919
vn 0.0477 0.7658 -0.6414
vn -0.0473 0.7717 0.6342
vn 0.0739 0.0952 -0.9927
vn -0.0477 0.7662 0.6409
vn 0.0739 0.0954 -0.9927
vn -0.0739 0.1031 0.9919
vn -0.0739 0.1030 0.9919
vn 0.0482 0.7611 -0.6469
vn -0.0476 0.7670 0.6399
vn -0.2421 -0.7893 0.5642
vn -0.2630 -0.0908 0.9605
vn -0.1999 0.8498 0.4877
vn -0.1168 0.8448 -0.5221
vn -0.1001 -0.0808 -0.9917
vn -0.1485 -0.7930 -0.5909
vn -0.2711 -0.7113 0.6485
vn -0.2893 -0.1028 0.9517
vn -0.2584 0.8982 0.3555
vn -0.2119 0.9219 -0.3245
vn -0.1215 -0.0953 -0.9880
vn -0.1565 -0.7494 -0.6433
vn -0.0007 0.5063 0.8624
vn -0.1207 0.5085 0.8526
vn 0.0135 0.5004 -0.8657
vn 0.1270 0.4977 -0.8580
vn 0.5645 0.4012 0.7213
vn 0.6636 0.3951 -0.6352
vn -0.0638 0.5071 0.8595
vn 0.0646 0.4984 -0.8645
vn 0.0614 0.4956 -0.8664
vn -0.0672 0.5042 0.8610
vn -0.0640 0.5073 0.8594
vn 0.0644 0.4986 -0.8644
vn 0.0647 0.4978 -0.8649
vn -0.0637 0.5065 0.8599
vn -0.2101 0.4879 0.8472
vn -0.0643 0.4858 -0.8717
vn -0.2662 0.4676 0.8429
vn -0.1382 0.5172 -0.8446
vn -0.0606 -0.9982 -0.0006
vn 0.0564 -0.9984 0.0084
vn 0.6389 -0.7676 0.0508
vn -0.0003 -1.0000 0.0042
vn -0.1758 -0.9844 -0.0081
vn -0.1976 -0.9803 0.0053
vn -0.3092 -0.7445 0.5917
vn -0.3347 -0.2347 0.9126
vn -0.3172 0.8622 0.3949
vn -0.2531 0.8488 -0.4643
vn -0.1915 -0.1013 -0.9763
vn -0.2075 -0.8108 -0.5472
vn -0.3350 0.3128 0.8888
vn -0.2092 0.4762 -0.8541
vn -0.2527 -0.9675 0.0053
vn -0.4350 -0.7699 0.4669
vn -0.5340 -0.4268 0.7299
vn -0.8499 0.4043 0.3379
vn -0.7699 0.4201 -0.4804
vn -0.4939 -0.3085 -0.8130
vn -0.3729 -0.8311 -0.4126
vn -0.6575 -0.0725 0.7499
vn -0.6066 0.0885 -0.7900
vn -0.3649 -0.9310 -0.0062
vn -0.7887 -0.6142 -0.0255
vn -0.2296 0.4659 0.8545
vn -0.0839 0.4898 -0.8678
vn -0.2497 -0.7489 0.6138
vn -0.1490 -0.7686 -0.6221
vn -0.1025 -0.0908 -0.9906
vn -0.2646 -0.0956 0.9596
vn -0.1760 0.9055 -0.3862
vn -0.2378 0.8913 0.3860
vn -0.1782 -0.9840 -0.0005
vn -0.3045 0.4386 0.8455
vn -0.2680 0.8943 0.3584
vn -0.1775 -0.7592 -0.6261
vn -0.2383 -0.9712 0.0030
vn -0.3007 -0.7126 0.6338
vn -0.3190 -0.1294 0.9389
vn -0.1920 0.5044 -0.8418
vn -0.1459 -0.0962 -0.9846
vn -0.2277 0.9098 -0.3470
vn 0.8710 0.0609 0.4875
vn 0.9005 -0.3784 0.2143
vn 0.9249 0.3125 -0.2164
vn 0.8834 0.3145 0.3475
vn 0.9229 -0.3769 -0.0785
vn 0.9329 0.0577 -0.3555
vn 0.8434 0.2468 0.4772
vn 0.9041 0.2434 -0.3511
vn 0.8903 -0.4502 0.0682
vn 0.9709 0.0292 0.2379
vn 0.9803 -0.1508 0.1275
vn 0.9909 0.1272 -0.0443
vn 0.9736 0.1281 0.1892
vn 0.9884 -0.1507 0.0188
vn 0.9952 0.0282 -0.0934
vn 0.9819 0.0619 0.1792
vn 0.9975 0.0617 -0.0332
vn 0.9908 -0.1129 0.0743
vn -0.0968 -0.5086 0.8555
vn 0.0122 -0.5080 0.8613
vn -0.0740 0.1029 0.9919
vn 0.0829 0.9966 0.0018
vn 0.0464 0.7643 -0.6432
vn -0.0338 0.9994 -0.0069
vn -0.0463 0.7654 0.6418
vn 0.1393 -0.5084 -0.8498
vn 0.0332 -0.5089 -0.8602
vn 0.0743 0.0962 -0.9926
vn -0.0399 -0.9865 -0.1586
vn 0.0514 -0.9938 0.0983
vn 0.0042 0.5641 0.8257
vn -0.1184 0.3584 0.9260
vn 0.0065 0.6074 -0.7944
vn 0.1260 0.4009 -0.9074
vn 0.6891 -0.3431 0.6383
vn 0.7588 0.6491 0.0535
vn 0.7751 -0.3433 -0.5304
vn 0.6429 -0.7567 0.1187
vn 0.5836 0.4367 0.6846
vn 0.6720 0.3183 -0.6687
vn 0.4046 -0.8499 -0.3375
vn 0.4312 0.0811 -0.8986
vn 0.4254 0.7064 -0.5657
vn 0.3381 0.7115 0.6160
vn 0.2948 0.0883 0.9515
vn 0.3493 -0.8508 0.3927
vn -0.0735 0.1039 0.9919
vn 0.0498 0.7595 -0.6486
vn -0.0069 -0.9956 0.0931
vn 0.0639 -0.5091 -0.8583
vn 0.0003 1.0000 -0.0044
vn -0.0639 -0.5089 0.8585
vn -0.0676 0.4076 0.9107
vn 0.0683 0.3988 -0.9145
vn 0.0482 0.7631 -0.6444
vn -0.0488 0.7702 0.6359
vn 0.0737 0.0953 -0.9927
vn 0.0678 0.3932 -0.9169
vn -0.0684 0.4019 0.9131
vn -0.0477 0.7662 0.6408
vn -0.0678 0.4073 0.9108
vn 0.0681 0.3985 -0.9146
vn 0.0482 0.7603 -0.6478
vn -0.0472 0.7691 0.6374
vn 0.0739 0.0953 -0.9927
vn 0.0682 0.3975 -0.9151
vn -0.0678 0.4062 0.9112
vn -0.2692 -0.4876 0.8305
vn -0.1733 0.9847 -0.0162
vn -0.1305 -0.4887 -0.8626
vn -0.1585 -0.9403 -0.3013
vn -0.2364 0.2356 0.9427
vn -0.0720 0.6700 -0.7388
vn -0.1740 0.8326 0.5259
vn -0.0871 0.8250 -0.5583
vn -0.2161 -0.0348 0.9758
vn -0.1869 -0.8401 0.5092
vn -0.0561 -0.0298 -0.9980
vn -0.1039 -0.8412 -0.5307
vn -0.2921 -0.4054 0.8662
vn -0.2434 0.9698 0.0180
vn -0.1374 -0.4493 -0.8828
vn -0.1739 -0.9275 -0.3309
vn -0.2772 0.1776 0.9443
vn -0.1720 0.7599 -0.6269
vn -0.2107 0.8722 0.4414
vn -0.1869 0.9200 -0.3444
vn -0.2646 -0.0924 0.9599
vn -0.1020 -0.0852 -0.9911
vn -0.1490 -0.7558 -0.6377
vn -0.2464 -0.7729 0.5847
vn -0.0091 0.4098 0.9122
vn -0.1146 0.6189 0.7770
vn 0.0258 0.3557 -0.9342
vn 0.1264 0.5561 -0.8215
vn 0.5678 0.3247 0.7565
vn 0.6772 0.4312 -0.5962
vn -0.0609 0.5697 0.8196
vn 0.0615 0.5616 -0.8251
vn 0.0593 0.5698 -0.8197
vn -0.0623 0.5780 0.8137
vn -0.0610 0.5700 0.8194
vn 0.0614 0.5619 -0.8249
vn 0.0616 0.5635 -0.8238
vn -0.0607 0.5716 0.8183
vn -0.1932 0.6812 0.7061
vn -0.0744 0.2494 -0.9655
vn -0.2613 0.7219 0.6408
vn -0.1201 0.2320 -0.9653
vn -0.0901 0.5094 -0.8558
vn -0.2333 0.4690 0.8518
vn -0.0459 0.4971 -0.8665
vn -0.1883 0.5031 0.8434
vn 0.0653 0.4953 -0.8663
vn 0.0644 0.4986 -0.8645
vn -0.0633 0.5040 0.8614
vn 0.0596 0.4977 -0.8653
vn -0.0578 0.5071 0.8600
vn 0.2631 0.4808 0.8364
vn 0.3831 0.4729 -0.7935
vn -0.0688 0.5063 0.8596
vn 0.0705 0.4984 -0.8641
vn -0.0639 -0.9858 0.1551
vn 0.0651 -0.9943 -0.0842
vn 0.6540 -0.7563 -0.0178
vn 0.0065 -0.9961 -0.0876
vn -0.2050 -0.9377 0.2804
vn -0.2320 -0.9113 0.3402
vn -0.1794 -0.9838 0.0039
vn -0.1469 -0.9891 -0.0070
vn 0.3355 -0.9416 0.0289
vn -0.3277 -0.5029 0.7998
vn -0.2901 0.9567 -0.0227
vn -0.1917 -0.5442 -0.8167
vn -0.2284 -0.9339 -0.2751
vn -0.3363 0.0349 0.9411
vn -0.2186 0.6147 -0.7578
vn -0.3309 0.6100 0.7200
vn -0.2000 0.3090 -0.9298
vn -0.2810 -0.9084 0.3095
vn -0.3004 0.4575 0.8369
vn -0.2766 0.8859 0.3723
vn -0.1693 -0.7499 -0.6395
vn -0.2430 -0.9700 0.0042
vn -0.2932 -0.7085 0.6420
vn -0.3219 -0.1700 0.9314
vn -0.1874 0.5095 -0.8398
vn -0.1564 -0.0918 -0.9834
vn -0.2292 0.8894 -0.3954
vn -0.4826 -0.6159 0.6227
vn -0.8606 0.5061 -0.0576
vn -0.4184 -0.6575 -0.6266
vn -0.3612 -0.9073 -0.2152
vn -0.5960 -0.2499 0.7631
vn -0.6793 0.2108 -0.7029
vn -0.7687 0.1728 0.6159
vn -0.5672 -0.0362 -0.8228
vn -0.3963 -0.8862 0.2398
vn -0.2807 -0.9598 0.0039
vn -0.3378 -0.7633 0.5507
vn -0.3856 0.7627 -0.5192
vn -0.2979 0.3993 -0.8671
vn -0.2871 -0.1530 -0.9456
vn -0.2573 -0.8335 -0.4890
vn -0.4259 0.1840 0.8858
vn -0.4783 0.7758 0.4115
vn -0.3847 -0.3149 0.8677
vn -0.2326 0.7036 0.6714
vn -0.1310 -0.4670 -0.8745
vn -0.2721 -0.4441 0.8536
vn -0.0804 0.2295 -0.9700
vn -0.2110 -0.9253 0.3152
vn -0.1212 0.7214 -0.6818
vn -0.2437 0.1985 0.9493
vn -0.1596 -0.9342 -0.3192
vn -0.1774 -0.9841 -0.0053
vn -0.2227 0.4704 0.8539
vn -0.0761 0.4776 -0.8753
vn -0.2536 -0.7252 0.6402
vn -0.1498 -0.7823 -0.6046
vn -0.1045 -0.0968 -0.9898
vn -0.2667 -0.1018 0.9584
vn -0.1371 0.8758 -0.4628
vn -0.6746 -0.7155 0.1816
vn -0.2427 0.8974 0.3684
vn -0.8452 -0.4443 -0.2969
vn -0.7168 -0.6027 -0.3505
vn -0.7571 -0.5834 0.2942
vn -0.8472 -0.4590 0.2677
vn -0.9360 -0.3397 0.0920
vn -0.9384 -0.3123 -0.1479
vn -0.6217 -0.7825 -0.0346
vn -0.6326 -0.7433 -0.2176
vn -0.2203 0.9754 0.0037
vn -0.3102 0.3935 0.8654
vn -0.2703 0.8960 0.3524
vn -0.1863 -0.7813 -0.5957
vn -0.2256 -0.9742 0.0033
vn -0.3026 -0.7253 0.6183
vn -0.3145 -0.1113 0.9427
vn -0.1935 0.4955 -0.8468
vn -0.1407 -0.0990 -0.9851
vn -0.2312 0.9167 -0.3260
vn -0.1512 -0.4664 -0.8715
vn -0.2106 0.7322 -0.6478
vn -0.2692 -0.9041 0.3319
vn -0.2473 0.9689 0.0108
vn -0.3142 0.1476 0.9378
vn -0.1657 0.2427 -0.9558
vn -0.3184 -0.4224 0.8487
vn -0.2081 -0.9237 -0.3218
vn -0.2874 0.7047 0.6487
vn 0.9033 -0.1850 0.3870
vn 0.9319 0.3565 0.0677
vn 0.9504 -0.1850 -0.2501
vn 0.8901 -0.4434 0.1051
vn 0.8493 0.2692 0.4541
vn 0.9087 0.1991 -0.3668
vn 0.8457 0.2027 0.4938
vn 0.9067 0.2662 -0.3273
vn 0.8960 -0.4429 0.0305
vn 0.7955 0.4220 0.4348
vn 0.7217 0.3294 0.6088
vn 0.8507 0.4193 -0.3169
vn 0.7713 0.0743 0.6321
vn 0.8552 0.0700 -0.5136
vn 0.8028 0.3247 -0.5001
vn 0.8447 -0.5156 -0.1437
vn 0.8130 -0.5174 0.2671
vn 0.7860 -0.6153 0.0611
vn 0.9821 -0.0609 0.1783
vn 0.9896 0.1236 0.0731
vn 0.9976 -0.0610 -0.0319
vn 0.9871 -0.1361 0.0840
vn 0.9771 0.0835 0.1958
vn 0.9963 0.0626 -0.0593
vn 0.9769 0.0631 0.2041
vn 0.9953 0.0827 -0.0501
vn 0.9886 -0.1361 0.0639
vn 0.9716 0.2070 -0.1144
vn 0.9443 0.2083 0.2547
vn 0.9593 -0.2727 0.0727
vn 0.9700 -0.2422 -0.0208
vn 0.9788 0.0399 -0.2011
vn 0.9711 0.1499 -0.1859
vn 0.9335 0.1516 0.3250
vn 0.9388 0.0419 0.3418
vn 0.9560 -0.2430 0.1642
vn 0.9986 -0.0123 0.0505
vn 0.9951 -0.0127 0.0976
vn 0.9969 0.0273 0.0741
vn 0.0664 0.5598 -0.8260
vn -0.0650 0.5708 0.8185
vn 0.4578 -0.4676 -0.7562
vn 0.3932 0.5246 -0.7551
vn 0.4202 0.9070 0.0273
vn 0.3414 -0.4670 0.8157
vn 0.3491 -0.9352 -0.0597
vn 0.2597 0.3874 0.8846
vn -0.0562 0.5679 0.8212
vn 0.0572 0.5626 -0.8247
vn -0.0599 0.5764 0.8150
vn 0.0614 0.5620 -0.8248
vn 0.0619 0.5682 -0.8205
vn -0.0610 0.5702 0.8193
vn -0.1373 0.9904 -0.0154
vn -0.1785 0.6692 0.7213
vn -0.2042 -0.5001 0.8416
vn -0.0428 0.2830 -0.9582
vn -0.1610 -0.9562 0.2444
vn -0.0684 -0.4993 -0.8637
vn -0.2292 0.9733 0.0152
vn -0.2358 0.7182 0.6546
vn -0.1311 -0.4553 -0.8806
vn -0.2739 -0.4183 0.8660
vn -0.0839 0.2294 -0.9697
vn -0.2139 -0.9183 0.3333
vn -0.1306 0.7513 -0.6469
vn -0.2472 0.1847 0.9512
vn -0.0577 0.6551 -0.7533
vn -0.1996 0.2753 0.9404
vn -0.0678 0.4072 0.9108
vn 0.0685 0.3948 -0.9162
vn 0.0681 0.3984 -0.9147
vn -0.0677 0.4035 0.9125
vn 0.0656 0.3969 -0.9155
vn -0.0647 0.4093 0.9101
vn 0.2787 0.5320 0.7996
vn 0.3868 0.3792 -0.8406
vn -0.0705 0.4056 0.9113
vn 0.0711 0.4005 -0.9135
vn -0.1600 -0.9313 -0.3274
vn -0.1210 -0.9576 -0.2614
vn 0.3353 -0.9350 0.1157
vn -0.2958 0.6732 0.6778
vn -0.2146 -0.9286 -0.3028
vn -0.3199 -0.4542 0.8315
vn -0.1733 0.2744 -0.9459
vn -0.3183 0.1058 0.9421
vn -0.2536 0.9673 -0.0028
vn -0.2728 -0.9059 0.3238
vn -0.2076 0.6884 -0.6949
vn -0.1616 -0.4959 -0.8532
vn -0.3081 -0.9070 0.2872
vn -0.3137 0.5035 -0.8050
vn -0.2641 -0.6019 -0.7536
vn -0.4589 0.4859 0.7439
vn -0.2637 -0.9326 -0.2463
vn -0.3636 -0.5573 0.7464
vn -0.2993 0.2586 -0.9184
vn -0.4045 -0.0704 0.9118
vn -0.4543 0.8899 -0.0420
vn -0.7838 -0.4173 -0.4599
vn -0.7868 -0.4625 0.4087
vn -0.9895 -0.1356 -0.0499
vn -0.5732 -0.8071 0.1418
vn -0.9017 -0.2586 -0.3464
vn -0.6205 -0.6768 -0.3962
vn -0.9115 -0.2734 0.3074
vn -0.5545 -0.8165 -0.1610
vn -0.6752 -0.6418 0.3637
vn -0.1598 -0.9374 -0.3095
vn -0.2406 0.2175 0.9459
vn -0.0992 0.6961 -0.7111
vn -0.2085 -0.9325 0.2948
vn -0.0779 0.2370 -0.9684
vn -0.2718 -0.4722 0.8385
vn -0.1321 -0.4806 -0.8669
vn -0.2155 0.6955 0.6854
vn -0.1900 0.9817 -0.0092
vn -0.1460 -0.4539 -0.8790
vn -0.2110 0.7504 -0.6264
vn -0.2581 -0.9056 0.3366
vn -0.2516 0.9677 0.0163
vn -0.3095 0.1661 0.9363
vn -0.1591 0.2293 -0.9603
vn -0.3135 -0.4085 0.8572
vn -0.1965 -0.9233 -0.3300
vn -0.2859 0.7164 0.6364
vn 0.7362 0.3568 0.5751
vn 0.8725 0.4846 0.0627
vn 0.7268 0.2665 0.6330
vn 0.8114 0.2615 -0.5228
vn 0.8889 -0.2580 -0.3786
vn 0.8122 0.3526 -0.4647
vn 0.7891 -0.6035 0.1143
vn 0.8238 -0.2579 0.5049
vn 0.7978 -0.6029 0.0074
vn 0.9698 0.2333 0.0711
vn 0.9589 -0.2784 0.0554
vn 0.9706 0.1331 -0.2007
vn 0.9844 -0.1174 -0.1312
vn 0.9309 0.1351 0.3394
vn 0.9563 -0.2785 0.0891
vn 0.9544 -0.1174 0.2745
vn 0.9687 0.1665 -0.1843
vn 0.9313 0.1683 0.3231
vn 0.9992 -0.0243 0.0304
vn 0.9928 -0.0244 0.1172
vn 0.9960 0.0511 0.0739
vn 0.9973 0.0007 0.0741
vt 0.578789 0.919098
vt 0.629854 0.922213
vt 0.629854 0.953744
vt 0.578789 0.952965
vt 0.680919 0.956469
vt 0.680919 0.957637
vt 0.680919 0.958804
vt 0.629854 0.958804
vt 0.578789 0.958804
vt 0.098339 0.089241
vt 0.079535 0.094351
vt 0.079581 0.059265
vt 0.098339 0.052466
vt 0.059069 0.102867
vt 0.059254 0.069839
vt 0.055035 0.066038
vt 0.079812 0.049687
vt 0.098339 0.033335
vt 0.215583 0.919098
vt 0.215442 0.952965
vt 0.175535 0.952965
vt 0.175715 0.919098
vt 0.213884 0.958804
vt 0.174639 0.958804
vt 0.135394 0.958804
vt 0.141724 0.952965
vt 0.142300 0.919098
vt 0.010939 0.075405
vt 0.010939 0.070722
vt 0.035881 0.073502
vt 0.035835 0.104175
vt 0.010939 0.066038
vt 0.036112 0.066038
vt 0.387957 0.102867
vt 0.387888 0.069839
vt 0.432199 0.073615
vt 0.432260 0.106274
vt 0.387128 0.066038
vt 0.431894 0.066038
vt 0.476659 0.066038
vt 0.478584 0.069839
vt 0.478759 0.102867
vt 0.301881 0.919098
vt 0.344866 0.919098
vt 0.344863 0.952965
vt 0.301939 0.952965
vt 0.387957 0.919098
vt 0.387888 0.952965
vt 0.387128 0.958804
vt 0.344849 0.958804
vt 0.302569 0.958804
vt 0.937835 0.883610
vt 0.938508 0.897301
vt 0.935701 0.897661
vt 0.930080 0.883621
vt 0.939180 0.910992
vt 0.930964 0.913264
vt 0.927329 0.913046
vt 0.932202 0.898105
vt 0.926527 0.884777
vt 0.894816 0.955302
vt 0.867697 0.970571
vt 0.867742 0.968472
vt 0.892567 0.952211
vt 0.840578 0.985840
vt 0.845707 0.978556
vt 0.846815 0.974910
vt 0.867414 0.965448
vt 0.890926 0.949759
vt 0.829983 0.981308
vt 0.831294 0.978553
vt 0.819387 0.976776
vt 0.822042 0.967809
vt 0.824287 0.964562
vt 0.832919 0.975215
vt 0.816948 0.851451
vt 0.828283 0.843552
vt 0.829774 0.846026
vt 0.820267 0.859490
vt 0.839619 0.835652
vt 0.844638 0.841946
vt 0.845942 0.845506
vt 0.831594 0.849087
vt 0.822693 0.862228
vt 0.893208 0.852606
vt 0.915522 0.868108
vt 0.913715 0.869215
vt 0.891285 0.855937
vt 0.911237 0.871279
vt 0.889834 0.858842
vt 0.809453 0.915047
vt 0.813200 0.883249
vt 0.814958 0.884385
vt 0.813368 0.914666
vt 0.817682 0.885533
vt 0.816362 0.914346
vt 0.301881 0.729912
vt 0.344866 0.729912
vt 0.344866 0.838519
vt 0.301881 0.838519
vt 0.387957 0.729912
vt 0.387957 0.838519
vt 0.432198 0.952965
vt 0.431893 0.958804
vt 0.432259 0.919098
vt 0.478758 0.919098
vt 0.478583 0.952965
vt 0.476658 0.958804
vt 0.010939 0.958804
vt 0.010939 0.957637
vt 0.035881 0.953744
vt 0.036112 0.958804
vt 0.010939 0.956469
vt 0.035835 0.922213
vt 0.059069 0.919098
vt 0.059254 0.952965
vt 0.061284 0.958804
vt 0.215583 0.729912
vt 0.215583 0.838519
vt 0.175715 0.838519
vt 0.175715 0.729912
vt 0.142300 0.838519
vt 0.142300 0.729912
vt 0.098339 0.958804
vt 0.079812 0.958804
vt 0.079581 0.952965
vt 0.098339 0.952965
vt 0.079535 0.919098
vt 0.098339 0.919098
vt 0.578789 0.729912
vt 0.629854 0.729912
vt 0.629854 0.839297
vt 0.578789 0.838519
vt 0.680919 0.729912
vt 0.680919 0.843190
vt 0.578789 0.033335
vt 0.629854 0.049687
vt 0.629854 0.059152
vt 0.578789 0.052466
vt 0.680919 0.066038
vt 0.680919 0.070722
vt 0.680919 0.075405
vt 0.629854 0.092252
vt 0.578789 0.089241
vt 0.213884 0.066038
vt 0.215442 0.069839
vt 0.175535 0.073615
vt 0.174639 0.066038
vt 0.215583 0.102867
vt 0.175715 0.106274
vt 0.142300 0.102867
vt 0.141724 0.069839
vt 0.141644 0.066038
vt 0.302569 0.033335
vt 0.344849 0.049687
vt 0.344863 0.059265
vt 0.301939 0.052466
vt 0.344866 0.094351
vt 0.301882 0.089241
vt 0.387957 0.280084
vt 0.387957 0.177901
vt 0.432260 0.179945
vt 0.432260 0.280765
vt 0.478759 0.177901
vt 0.478759 0.280084
vt 0.010939 0.276798
vt 0.010939 0.176102
vt 0.035835 0.179532
vt 0.035835 0.280529
vt 0.059069 0.177901
vt 0.059069 0.280084
vt 0.098339 0.277359
vt 0.079535 0.278381
vt 0.079535 0.172791
vt 0.098339 0.169725
vt 0.098339 0.729912
vt 0.079535 0.729912
vt 0.079535 0.616633
vt 0.098339 0.616634
vt 0.059069 0.729912
vt 0.059069 0.616634
vt 0.059069 0.503355
vt 0.079535 0.503355
vt 0.098339 0.503355
vt 0.010939 0.729912
vt 0.010939 0.616634
vt 0.035835 0.616633
vt 0.035835 0.729912
vt 0.010939 0.503355
vt 0.035835 0.503355
vt 0.387957 0.616634
vt 0.432259 0.616633
vt 0.432259 0.729912
vt 0.387957 0.503355
vt 0.432259 0.503355
vt 0.478759 0.503355
vt 0.478759 0.616634
vt 0.478759 0.729912
vt 0.578789 0.277359
vt 0.629854 0.278145
vt 0.629854 0.390201
vt 0.578789 0.390147
vt 0.680919 0.276798
vt 0.680919 0.390077
vt 0.680919 0.503355
vt 0.629854 0.503355
vt 0.578789 0.503355
vt 0.215583 0.280084
vt 0.215583 0.390487
vt 0.175715 0.390573
vt 0.175715 0.280765
vt 0.215583 0.503355
vt 0.175715 0.503355
vt 0.142300 0.503355
vt 0.142300 0.390487
vt 0.142300 0.280084
vt 0.301882 0.277359
vt 0.344866 0.278381
vt 0.344866 0.390275
vt 0.301882 0.390147
vt 0.387957 0.390487
vt 0.344866 0.503355
vt 0.301881 0.503355
vt 0.432259 0.838519
vt 0.478759 0.838519
vt 0.010939 0.843190
vt 0.035835 0.839298
vt 0.059069 0.838519
vt 0.079535 0.838519
vt 0.098339 0.838519
vt 0.629854 0.616633
vt 0.578789 0.616633
vt 0.680919 0.616634
vt 0.215583 0.616633
vt 0.175715 0.616633
vt 0.142300 0.616633
vt 0.344866 0.616633
vt 0.301881 0.616633
vt 0.344866 0.172791
vt 0.301882 0.169725
vt 0.215583 0.177901
vt 0.175715 0.179945
vt 0.142300 0.177901
vt 0.629854 0.172378
vt 0.578789 0.169725
vt 0.680919 0.176102
vt 0.079535 0.390275
vt 0.098339 0.390147
vt 0.059069 0.390487
vt 0.010939 0.390077
vt 0.035835 0.390499
vt 0.432259 0.390573
vt 0.478759 0.390487
vt 0.728983 0.347030
vt 0.728749 0.330375
vt 0.734912 0.330363
vt 0.746126 0.350133
vt 0.728515 0.313720
vt 0.745192 0.310542
vt 0.763284 0.312651
vt 0.753914 0.330104
vt 0.764129 0.347506
vt 0.824032 0.404938
vt 0.776508 0.375984
vt 0.780309 0.374727
vt 0.826109 0.400425
vt 0.792697 0.368374
vt 0.831841 0.390198
vt 0.957824 0.425614
vt 0.941573 0.436310
vt 0.938184 0.431480
vt 0.950477 0.411828
vt 0.925321 0.447006
vt 0.913905 0.434716
vt 0.906404 0.419119
vt 0.927891 0.416683
vt 0.938474 0.399273
vt 0.819186 0.255458
vt 0.872074 0.233198
vt 0.871178 0.236972
vt 0.822710 0.259572
vt 0.924963 0.210937
vt 0.912899 0.223444
vt 0.905386 0.238795
vt 0.870211 0.249917
vt 0.828948 0.269309
vt 0.955471 0.325868
vt 0.956648 0.375741
vt 0.953840 0.373520
vt 0.953800 0.326804
vt 0.941753 0.367045
vt 0.941864 0.327140
vt 0.941394 0.221454
vt 0.937864 0.226164
vt 0.957824 0.231971
vt 0.950344 0.244921
vt 0.938274 0.257438
vt 0.927502 0.240791
vt 0.839497 0.334678
vt 0.836892 0.328818
vt 0.855230 0.328526
vt 0.856121 0.331852
vt 0.839130 0.322951
vt 0.855856 0.325203
vt 0.857942 0.325248
vt 0.858034 0.328472
vt 0.858126 0.331695
vt 0.856616 0.346611
vt 0.846691 0.340814
vt 0.858623 0.334725
vt 0.862081 0.337010
vt 0.860458 0.333780
vt 0.862790 0.335865
vt 0.875621 0.303477
vt 0.882554 0.304597
vt 0.872639 0.318704
vt 0.869058 0.317742
vt 0.886759 0.309518
vt 0.875423 0.321001
vt 0.874186 0.322351
vt 0.871135 0.320854
vt 0.868084 0.319356
vt 0.887013 0.347376
vt 0.882995 0.352279
vt 0.873084 0.338038
vt 0.875680 0.335935
vt 0.876354 0.353400
vt 0.869724 0.338891
vt 0.868740 0.337060
vt 0.871575 0.335848
vt 0.874410 0.334637
vt 0.855357 0.310822
vt 0.865988 0.305949
vt 0.865054 0.318328
vt 0.861159 0.319969
vt 0.864903 0.320242
vt 0.861722 0.321128
vt 0.889198 0.328286
vt 0.888824 0.338800
vt 0.877144 0.332561
vt 0.877611 0.328541
vt 0.875367 0.331627
vt 0.876323 0.328617
vt 0.845790 0.316775
vt 0.857980 0.322329
vt 0.859832 0.323188
vt 0.867105 0.351173
vt 0.865933 0.338446
vt 0.865765 0.336462
vt 0.773851 0.284589
vt 0.777842 0.285757
vt 0.790558 0.291600
vt 0.874677 0.425972
vt 0.873652 0.422093
vt 0.872423 0.408769
vt 0.117730 0.503355
vt 0.117730 0.390275
vt 0.117730 0.278381
vt 0.527986 0.094351
vt 0.527986 0.172791
vt 0.527986 0.278381
vt 0.527986 0.503355
vt 0.527986 0.616633
vt 0.527986 0.729912
vt 0.117730 0.919098
vt 0.117730 0.838519
vt 0.117730 0.729912
vt 0.527986 0.390275
vt 0.117730 0.616633
vt 0.117730 0.172791
vt 0.117730 0.094351
vt 0.527724 0.049687
vt 0.527943 0.059265
vt 0.527986 0.838519
vt 0.527986 0.919098
vt 0.116866 0.958804
vt 0.117586 0.952965
vt 0.814420 0.945911
vt 0.816090 0.944422
vt 0.818738 0.942689
vt 0.916998 0.933147
vt 0.914986 0.932507
vt 0.912384 0.931118
vt 0.117586 0.059265
vt 0.116866 0.049687
vt 0.527942 0.952965
vt 0.527724 0.958804
vt 0.888707 0.317911
vt 0.877027 0.324486
vt 0.875255 0.325484
vt 0.956648 0.278919
vt 0.953783 0.281308
vt 0.941656 0.288146
vt 0.258353 0.094351
vt 0.258353 0.172791
vt 0.258353 0.278381
vt 0.258353 0.503355
vt 0.258353 0.616633
vt 0.258353 0.729912
vt 0.258353 0.390275
vt 0.258227 0.049687
vt 0.258332 0.059265
vt 0.258353 0.838519
vt 0.258353 0.919098
vt 0.866414 0.844129
vt 0.866657 0.846260
vt 0.866545 0.849502
vt 0.258332 0.952965
vt 0.258227 0.958804
vt 0.914205 0.075897
vt 0.908980 0.068449
vt 0.918382 0.065205
vt 0.921766 0.070133
vt 0.906689 0.059997
vt 0.916934 0.059655
vt 0.927131 0.059248
vt 0.927749 0.061877
vt 0.929301 0.064254
vt 0.963913 0.049251
vt 0.965958 0.058997
vt 0.956964 0.059035
vt 0.955445 0.052236
vt 0.963932 0.068897
vt 0.955640 0.065928
vt 0.946896 0.062765
vt 0.947517 0.059009
vt 0.946579 0.055285
vt 0.949687 0.082904
vt 0.940366 0.085299
vt 0.939353 0.076785
vt 0.945789 0.075307
vt 0.930853 0.084658
vt 0.932856 0.076208
vt 0.934759 0.067534
vt 0.938155 0.068005
vt 0.941603 0.067428
vt 0.927623 0.034550
vt 0.938414 0.033779
vt 0.938092 0.042155
vt 0.930955 0.042873
vt 0.949153 0.036030
vt 0.945241 0.043412
vt 0.941106 0.050918
vt 0.937600 0.050608
vt 0.934155 0.051221
vt 0.921810 0.081428
vt 0.926786 0.073902
vt 0.931715 0.066211
vt 0.907658 0.051553
vt 0.917592 0.054078
vt 0.911703 0.043996
vt 0.920288 0.049096
vt 0.928815 0.054185
vt 0.927477 0.056567
vt 0.958044 0.077217
vt 0.951582 0.071571
vt 0.944732 0.065661
vt 0.918493 0.038122
vt 0.924852 0.045265
vt 0.931123 0.052409
vt 0.958034 0.041334
vt 0.951311 0.046849
vt 0.944277 0.052491
vt 0.940467 0.062113
vt 0.941525 0.060764
vt 0.938913 0.062842
vt 0.937598 0.060834
vt 0.938428 0.060481
vt 0.938979 0.059768
vt 0.934204 0.056094
vt 0.933124 0.056787
vt 0.935578 0.055582
vt 0.935926 0.057130
vt 0.935178 0.057359
vt 0.934595 0.057688
vt 0.940094 0.055673
vt 0.938590 0.055062
vt 0.941263 0.057000
vt 0.938847 0.057766
vt 0.938246 0.057047
vt 0.937465 0.056770
vt 0.932535 0.060033
vt 0.933170 0.061051
vt 0.932316 0.058937
vt 0.934114 0.058779
vt 0.934205 0.059339
vt 0.934573 0.059855
vt 0.941788 0.058880
vt 0.939136 0.058766
vt 0.937217 0.063002
vt 0.935596 0.062674
vt 0.935848 0.060712
vt 0.936696 0.060913
vt 0.937058 0.055136
vt 0.936682 0.056845
vt 0.934210 0.061976
vt 0.935104 0.060347
vt 0.932494 0.057788
vt 0.934204 0.058180
vt 0.936619 0.057643
vt 0.936245 0.057955
vt 0.937036 0.057787
vt 0.936681 0.058875
vt 0.935654 0.059705
vt 0.936189 0.059770
vt 0.935524 0.059344
vt 0.935096 0.058412
vt 0.935269 0.058785
vt 0.935543 0.058233
vt 0.937612 0.059771
vt 0.937756 0.059277
vt 0.937071 0.059821
vt 0.935710 0.057938
vt 0.937533 0.057762
vt 0.937707 0.058293
vt 0.935094 0.059109
vt 0.938033 0.058769
vt 0.936600 0.060031
vt 0.915126 0.303025
vt 0.912483 0.283474
vt 0.915468 0.327714
vt 0.869791 0.379918
vt 0.891395 0.386232
vt 0.844257 0.368340
vt 0.818197 0.304243
vt 0.801215 0.317831
vt 0.842186 0.290130
vt 0.915240 0.352927
vt 0.912721 0.373329
vt 0.868128 0.277981
vt 0.890515 0.271156
vt 0.905442 0.384474
vt 0.905018 0.272696
vt 0.819709 0.354546
vt 0.801813 0.341072
vt 0.795401 0.329467
vt 0.953491 0.028213
vt 0.963229 0.036879
vt 0.961520 0.038396
vt 0.951237 0.031997
vt 0.972966 0.045544
vt 0.968462 0.047572
vt 0.903242 0.038986
vt 0.913367 0.032528
vt 0.915078 0.034340
vt 0.907037 0.041240
vt 0.923491 0.026071
vt 0.925709 0.030023
vt 0.972966 0.072246
vt 0.962953 0.081623
vt 0.961380 0.080161
vt 0.968400 0.070500
vt 0.952939 0.090999
vt 0.951678 0.086992
vt 0.896484 0.060094
vt 0.899863 0.049540
vt 0.902382 0.050203
vt 0.901124 0.060136
vt 0.928995 0.092574
vt 0.917844 0.087097
vt 0.919136 0.085328
vt 0.929731 0.089121
vt 0.906693 0.081619
vt 0.910084 0.078965
vt 0.938491 0.027142
vt 0.938513 0.029331
vt 0.940967 0.091787
vt 0.940827 0.089720
vt 0.972967 0.058895
vt 0.970644 0.058953
vt 0.901589 0.070856
vt 0.903983 0.070115
vt 0.823704 0.939360
vt 0.828420 0.959197
vt 0.821738 0.913701
vt 0.829360 0.912735
vt 0.830795 0.934333
vt 0.834435 0.951084
vt 0.836043 0.968862
vt 0.848476 0.968488
vt 0.840712 0.959271
vt 0.851095 0.958870
vt 0.822787 0.887676
vt 0.827059 0.866674
vt 0.833394 0.873309
vt 0.830079 0.890897
vt 0.907567 0.928485
vt 0.921195 0.912350
vt 0.888087 0.945260
vt 0.884109 0.938814
vt 0.900573 0.924812
vt 0.912156 0.911460
vt 0.925595 0.898983
vt 0.920379 0.887116
vt 0.915837 0.900317
vt 0.911343 0.890485
vt 0.866927 0.959655
vt 0.866437 0.951144
vt 0.866278 0.855673
vt 0.847845 0.851819
vt 0.887160 0.864213
vt 0.883358 0.871832
vt 0.866000 0.864540
vt 0.850704 0.861036
vt 0.834974 0.854889
vt 0.839948 0.863469
vt 0.906483 0.875234
vt 0.899572 0.880841
vt 0.846387 0.947451
vt 0.854233 0.947292
vt 0.841553 0.941325
vt 0.847228 0.933977
vt 0.851830 0.936075
vt 0.856378 0.938301
vt 0.891525 0.887652
vt 0.878748 0.881094
vt 0.900773 0.894488
vt 0.892872 0.897899
vt 0.885146 0.895724
vt 0.872812 0.893103
vt 0.892341 0.920263
vt 0.901471 0.910432
vt 0.879290 0.930881
vt 0.873080 0.920548
vt 0.885624 0.914014
vt 0.893346 0.909349
vt 0.904097 0.901966
vt 0.892996 0.903605
vt 0.838834 0.894543
vt 0.838660 0.911506
vt 0.840870 0.881142
vt 0.846817 0.886908
vt 0.848004 0.895942
vt 0.850739 0.909887
vt 0.865478 0.875037
vt 0.854043 0.871852
vt 0.862946 0.885014
vt 0.856257 0.880208
vt 0.845931 0.873798
vt 0.851591 0.883620
vt 0.865728 0.940902
vt 0.863085 0.931596
vt 0.839315 0.928398
vt 0.848276 0.924568
vt 0.883396 0.905138
vt 0.873848 0.906661
vt 0.856485 0.892199
vt 0.861342 0.900675
vt 0.856635 0.926096
vt 0.861441 0.916228
vt 0.865555 0.907869
s 1
usemtl Yellow_Pencil.005
f 68/1/54 267/2/206 437/3/359 297/4/229
f 267/2/206 21/5/21 178/6/155 437/3/359
f 437/3/359 178/6/155 3/7/3 263/8/202
f 297/4/229 437/3/359 263/8/202 64/9/50
f 70/10/56 269/11/208 438/12/360 296/13/228
f 269/11/208 29/14/27 192/15/163 438/12/360
f 438/12/360 192/15/163 7/16/7 261/17/200
f 296/13/228 438/12/360 261/17/200 62/18/48
f 19/19/19 147/20/19 439/21/159 185/22/159
f 147/20/19 2/23/2 148/24/127 439/21/159
f 439/21/159 148/24/127 1/25/1 177/26/154
f 185/22/159 439/21/159 177/26/154 20/27/20
f 26/28/26 151/29/130 440/30/158 198/31/158
f 151/29/130 8/32/8 152/33/131 440/30/158
f 440/30/158 152/33/131 7/16/7 192/15/163
f 198/31/158 440/30/158 192/15/163 29/14/27
f 27/34/23 155/35/23 441/36/157 197/37/157
f 155/35/23 12/38/12 156/39/134 441/36/157
f 441/36/157 156/39/134 11/40/11 193/41/164
f 197/37/157 441/36/157 193/41/164 30/42/28
f 84/43/68 301/44/233 442/45/233 316/46/68
f 301/44/233 23/47/23 180/48/23 442/45/233
f 442/45/233 180/48/23 9/49/9 299/50/231
f 316/46/68 442/45/233 299/50/231 82/51/66
f 9/52/9 154/53/133 443/54/361 170/55/148
f 154/53/133 10/56/10 171/57/149 443/54/361
f 443/54/361 171/57/149 18/58/18 166/59/144
f 170/55/148 443/54/361 166/59/144 17/60/17
f 64/61/50 263/62/202 444/63/362 295/64/227
f 263/62/202 3/65/3 172/66/150 444/63/362
f 444/63/362 172/66/150 15/67/15 265/68/204
f 295/64/227 444/63/362 265/68/204 66/69/52
f 3/65/3 150/70/129 445/71/363 172/66/150
f 150/70/129 4/72/4 173/73/151 445/71/363
f 445/71/363 173/73/151 16/74/16 165/75/143
f 172/66/150 445/71/363 165/75/143 15/67/15
f 1/76/1 148/77/127 446/78/364 174/79/152
f 148/77/127 2/80/2 175/81/153 446/78/364
f 446/78/364 175/81/153 14/82/14 164/83/142
f 174/79/152 446/78/364 164/83/142 13/84/13
f 82/85/66 299/86/231 447/87/365 315/88/238
f 299/86/231 9/52/9 170/55/148 447/87/365
f 447/87/365 170/55/148 17/60/17 300/89/232
f 315/88/238 447/87/365 300/89/232 83/90/67
f 61/91/47 260/92/199 448/93/366 294/94/226
f 260/92/199 1/76/1 174/79/152 448/93/366
f 448/93/366 174/79/152 13/84/13 264/95/203
f 294/94/226 448/93/366 264/95/203 65/96/51
f 87/97/68 304/98/233 449/99/233 314/100/68
f 304/98/233 42/101/23 217/102/23 449/99/233
f 449/99/233 217/102/23 23/47/23 301/44/233
f 314/100/68 449/99/233 301/44/233 84/43/68
f 9/49/9 180/48/23 450/103/157 154/104/133
f 180/48/23 23/47/23 183/105/157 450/103/157
f 450/103/157 183/105/157 24/106/24 157/107/135
f 154/104/133 450/103/157 157/107/135 10/108/10
f 3/109/3 178/110/155 451/111/158 150/112/129
f 178/110/155 21/113/21 184/114/158 451/111/158
f 451/111/158 184/114/158 22/115/22 153/116/132
f 150/112/129 451/111/158 153/116/132 4/117/4
f 37/118/19 176/119/19 452/120/159 222/121/159
f 176/119/19 19/19/19 185/22/159 452/120/159
f 452/120/159 185/22/159 20/27/20 215/122/31
f 222/121/159 452/120/159 215/122/31 40/123/31
f 61/124/47 160/125/138 453/126/367 293/127/225
f 160/125/138 4/117/4 153/116/132 453/126/367
f 453/126/367 153/116/132 22/115/22 266/128/205
f 293/127/225 453/126/367 266/128/205 67/129/53
f 74/130/58 273/131/210 454/132/210 292/133/58
f 273/131/210 41/134/21 216/135/21 454/132/210
f 454/132/210 216/135/21 21/5/21 267/2/206
f 292/133/58 454/132/210 267/2/206 68/1/54
f 63/136/49 162/137/140 455/138/368 291/139/224
f 162/137/140 8/140/8 151/141/130 455/138/368
f 455/138/368 151/141/130 26/142/26 268/143/207
f 291/139/224 455/138/368 268/143/207 69/144/55
f 5/145/5 191/146/19 456/147/159 146/148/126
f 191/146/19 28/149/19 195/150/159 456/147/159
f 456/147/159 195/150/159 25/151/25 149/152/128
f 146/148/126 456/147/159 149/152/128 6/153/6
f 81/154/65 158/155/136 457/156/233 313/157/68
f 158/155/136 12/38/12 155/35/23 457/156/233
f 457/156/233 155/35/23 27/34/23 302/158/233
f 313/157/68 457/156/233 302/158/233 85/159/68
f 45/160/23 190/161/23 458/162/157 235/163/157
f 190/161/23 27/34/23 197/37/157 458/162/157
f 458/162/157 197/37/157 30/42/28 229/164/172
f 235/163/157 458/162/157 229/164/172 48/165/30
f 44/166/33 189/167/162 459/168/158 234/169/158
f 189/167/162 26/28/26 198/31/158 459/168/158
f 459/168/158 198/31/158 29/14/27 228/170/171
f 234/169/158 459/168/158 228/170/171 47/171/34
f 76/172/60 275/173/212 460/174/369 290/175/223
f 275/173/212 47/171/34 228/170/171 460/174/369
f 460/174/369 228/170/171 29/14/27 269/11/208
f 290/175/223 460/174/369 269/11/208 70/10/56
f 73/176/57 272/177/209 461/178/209 289/179/57
f 272/177/209 38/180/22 213/181/29 461/178/209
f 461/178/209 213/181/29 32/182/29 270/183/209
f 289/179/57 461/178/209 270/183/209 71/184/57
f 41/185/21 204/186/21 462/187/158 219/188/158
f 204/186/21 35/189/21 207/190/158 462/187/158
f 462/187/158 207/190/158 32/182/29 213/181/29
f 219/188/158 462/187/158 213/181/29 38/180/22
f 42/101/23 205/191/23 463/192/157 218/193/157
f 205/191/23 36/194/23 208/195/157 463/192/157
f 463/192/157 208/195/157 33/196/30 214/197/30
f 218/193/157 463/192/157 214/197/30 39/198/30
f 75/199/59 274/200/211 464/201/370 288/202/222
f 274/200/211 44/203/33 225/204/170 464/201/370
f 464/201/370 225/204/170 35/205/21 271/206/210
f 288/202/222 464/201/370 271/206/210 72/207/58
f 46/208/19 200/209/19 465/210/159 231/211/159
f 200/209/19 31/212/19 210/213/159 465/210/159
f 465/210/159 210/213/159 34/214/31 224/215/31
f 231/211/159 465/210/159 224/215/31 43/216/32
f 88/217/68 305/218/233 466/219/233 312/220/68
f 305/218/233 45/160/23 226/221/23 466/219/233
f 466/219/233 226/221/23 36/194/23 303/222/233
f 312/220/68 466/219/233 303/222/233 86/223/68
f 23/47/23 217/102/23 467/224/157 183/105/157
f 217/102/23 42/101/23 218/193/157 467/224/157
f 467/224/157 218/193/157 39/198/30 181/225/30
f 183/105/157 467/224/157 181/225/30 24/106/24
f 21/113/21 216/226/21 468/227/158 184/114/158
f 216/226/21 41/185/21 219/188/158 468/227/158
f 468/227/158 219/188/158 38/180/22 179/228/22
f 184/114/158 468/227/158 179/228/22 22/115/22
f 67/129/53 266/128/205 469/229/209 287/230/57
f 266/128/205 22/115/22 179/228/22 469/229/209
f 469/229/209 179/228/22 38/180/22 272/177/209
f 287/230/57 469/229/209 272/177/209 73/176/57
f 72/207/58 271/206/210 470/231/210 286/232/58
f 271/206/210 35/205/21 204/233/21 470/231/210
f 470/231/210 204/233/21 41/134/21 273/131/210
f 286/232/58 470/231/210 273/131/210 74/130/58
f 31/212/19 212/234/19 471/235/159 210/213/159
f 212/234/19 37/118/19 222/121/159 471/235/159
f 471/235/159 222/121/159 40/123/31 203/236/31
f 210/213/159 471/235/159 203/236/31 34/214/31
f 86/223/68 303/222/233 472/237/233 311/238/68
f 303/222/233 36/194/23 205/191/23 472/237/233
f 472/237/233 205/191/23 42/101/23 304/98/233
f 311/238/68 472/237/233 304/98/233 87/97/68
f 85/159/68 302/158/233 473/239/233 310/240/68
f 302/158/233 27/34/23 190/161/23 473/239/233
f 473/239/233 190/161/23 45/160/23 305/218/233
f 310/240/68 473/239/233 305/218/233 88/217/68
f 28/149/19 227/241/19 474/242/159 195/150/159
f 227/241/19 46/208/19 231/211/159 474/242/159
f 474/242/159 231/211/159 43/216/32 188/243/25
f 195/150/159 474/242/159 188/243/25 25/151/25
f 69/144/55 268/143/207 475/244/371 285/245/221
f 268/143/207 26/142/26 189/246/162 475/244/371
f 475/244/371 189/246/162 44/203/33 274/200/211
f 285/245/221 475/244/371 274/200/211 75/199/59
f 71/184/57 270/183/209 476/247/372 284/248/57
f 270/183/209 32/182/29 201/249/167 476/247/372
f 476/247/372 201/249/167 47/171/34 275/173/212
f 284/248/57 476/247/372 275/173/212 76/172/60
f 35/189/21 225/250/170 477/251/158 207/190/158
f 225/250/170 44/166/33 234/169/158 477/251/158
f 477/251/158 234/169/158 47/171/34 201/249/167
f 207/190/158 477/251/158 201/249/167 32/182/29
f 36/194/23 226/221/23 478/252/157 208/195/157
f 226/221/23 45/160/23 235/163/157 478/252/157
f 478/252/157 235/163/157 48/165/30 202/253/30
f 208/195/157 478/252/157 202/253/30 33/196/30
f 7/254/7 152/255/131 479/256/373 242/257/181
f 152/255/131 8/258/8 243/259/182 479/256/373
f 479/256/373 243/259/182 52/260/38 237/261/176
f 242/257/181 479/256/373 237/261/176 51/262/37
f 62/263/48 261/264/200 480/265/374 283/266/220
f 261/264/200 7/254/7 242/257/181 480/265/374
f 480/265/374 242/257/181 51/262/37 276/267/213
f 283/266/220 480/265/374 276/267/213 77/268/61
f 5/269/5 146/270/126 481/271/375 245/272/184
f 146/270/126 6/273/6 244/274/183 481/271/375
f 481/271/375 244/274/183 50/275/36 236/276/175
f 245/272/184 481/271/375 236/276/175 49/277/35
f 63/278/49 262/279/201 482/280/376 282/281/219
f 262/279/201 11/282/11 246/283/185 482/280/376
f 482/280/376 246/283/185 53/284/39 277/285/214
f 282/281/219 482/280/376 277/285/214 78/286/62
f 81/287/65 298/288/230 483/289/377 309/290/237
f 298/288/230 5/269/5 245/272/184 483/289/377
f 483/289/377 245/272/184 49/277/35 306/291/234
f 309/290/237 483/289/377 306/291/234 89/292/69
f 11/282/11 156/293/134 484/294/378 246/283/185
f 156/293/134 12/295/12 247/296/186 484/294/378
f 484/294/378 247/296/186 54/297/40 238/298/177
f 246/283/185 484/294/378 238/298/177 53/284/39
f 117/299/97 379/300/301 485/301/379 370/302/292
f 379/300/301 116/303/96 255/304/194 485/301/379
f 485/301/379 255/304/194 58/305/44 249/306/188
f 370/302/292 485/301/379 249/306/188 57/307/43
f 110/308/90 353/309/275 486/310/380 281/311/218
f 353/309/275 117/299/97 370/302/292 486/310/380
f 486/310/380 370/302/292 57/307/43 278/312/215
f 281/311/218 486/310/380 278/312/215 79/313/63
f 114/314/94 354/315/276 487/316/381 366/317/288
f 354/315/276 113/318/93 258/319/197 487/316/381
f 487/316/381 258/319/197 60/320/46 250/321/189
f 366/317/288 487/316/381 250/321/189 59/322/45
f 112/323/92 355/324/277 488/325/382 364/326/286
f 355/324/277 115/327/95 367/328/289 488/325/382
f 488/325/382 367/328/289 56/329/42 248/330/187
f 364/326/286 488/325/382 248/330/187 55/331/41
f 111/332/91 356/333/278 489/334/383 280/335/217
f 356/333/278 114/314/94 366/317/288 489/334/383
f 489/334/383 366/317/288 59/322/45 279/336/216
f 280/335/217 489/334/383 279/336/216 80/337/64
f 118/338/98 357/339/279 490/340/384 308/341/236
f 357/339/279 112/323/92 364/326/286 490/340/384
f 490/340/384 364/326/286 55/331/41 307/342/235
f 308/341/236 490/340/384 307/342/235 90/343/70
f 116/303/96 358/344/280 491/345/385 255/304/194
f 358/344/280 111/332/91 280/335/217 491/345/385
f 491/345/385 280/335/217 80/337/64 253/346/192
f 255/304/194 491/345/385 253/346/192 58/305/44
f 115/327/95 359/347/281 492/348/386 367/328/289
f 359/347/281 110/308/90 281/311/218 492/348/386
f 492/348/386 281/311/218 79/313/63 252/349/191
f 367/328/289 492/348/386 252/349/191 56/329/42
f 8/258/8 162/350/140 493/351/387 243/259/182
f 162/350/140 63/278/49 282/281/219 493/351/387
f 493/351/387 282/281/219 78/286/62 241/352/180
f 243/259/182 493/351/387 241/352/180 52/260/38
f 6/273/6 161/353/139 494/354/388 244/274/183
f 161/353/139 62/263/48 283/266/220 494/354/388
f 494/354/388 283/266/220 77/268/61 240/355/179
f 244/274/183 494/354/388 240/355/179 50/275/36
f 34/214/31 206/356/168 495/357/389 224/215/31
f 206/356/168 71/184/57 284/248/57 495/357/389
f 495/357/389 284/248/57 76/172/60 233/358/174
f 224/215/31 495/357/389 233/358/174 43/216/32
f 30/42/28 194/359/165 496/360/390 229/164/172
f 194/359/165 69/144/55 285/245/221 496/360/390
f 496/360/390 285/245/221 75/199/59 232/361/173
f 229/164/172 496/360/390 232/361/173 48/165/30
f 33/196/30 209/362/169 497/363/169 214/197/30
f 209/362/169 72/207/58 286/232/58 497/363/169
f 497/363/169 286/232/58 74/130/58 221/364/169
f 214/197/30 497/363/169 221/364/169 39/198/30
f 20/27/20 186/365/160 498/366/168 215/122/31
f 186/365/160 67/129/53 287/230/57 498/366/168
f 498/366/168 287/230/57 73/176/57 220/367/168
f 215/122/31 498/366/168 220/367/168 40/123/31
f 48/165/30 232/361/173 499/368/391 202/253/30
f 232/361/173 75/199/59 288/202/222 499/368/391
f 499/368/391 288/202/222 72/207/58 209/362/169
f 202/253/30 499/368/391 209/362/169 33/196/30
f 40/123/31 220/367/168 500/369/168 203/236/31
f 220/367/168 73/176/57 289/179/57 500/369/168
f 500/369/168 289/179/57 71/184/57 206/356/168
f 203/236/31 500/369/168 206/356/168 34/214/31
f 43/216/32 233/358/174 501/370/392 188/243/25
f 233/358/174 76/172/60 290/175/223 501/370/392
f 501/370/392 290/175/223 70/10/56 199/371/166
f 188/243/25 501/370/392 199/371/166 25/151/25
f 11/40/11 262/372/201 502/373/393 193/41/164
f 262/372/201 63/136/49 291/139/224 502/373/393
f 502/373/393 291/139/224 69/144/55 194/359/165
f 193/41/164 502/373/393 194/359/165 30/42/28
f 39/198/30 221/364/169 503/374/169 181/225/30
f 221/364/169 74/130/58 292/133/58 503/374/169
f 503/374/169 292/133/58 68/1/54 187/375/161
f 181/225/30 503/374/169 187/375/161 24/106/24
f 1/25/1 260/376/199 504/377/394 177/26/154
f 260/376/199 61/124/47 293/127/225 504/377/394
f 504/377/394 293/127/225 67/129/53 186/365/160
f 177/26/154 504/377/394 186/365/160 20/27/20
f 4/72/4 160/378/138 505/379/395 173/73/151
f 160/378/138 61/91/47 294/94/226 505/379/395
f 505/379/395 294/94/226 65/96/51 168/380/146
f 173/73/151 505/379/395 168/380/146 16/74/16
f 10/56/10 163/381/141 506/382/396 171/57/149
f 163/381/141 64/61/50 295/64/227 506/382/396
f 506/382/396 295/64/227 66/69/52 169/383/147
f 171/57/149 506/382/396 169/383/147 18/58/18
f 25/151/25 199/371/166 507/384/397 149/152/128
f 199/371/166 70/10/56 296/13/228 507/384/397
f 507/384/397 296/13/228 62/18/48 161/385/139
f 149/152/128 507/384/397 161/385/139 6/153/6
f 24/106/24 187/375/161 508/386/398 157/107/135
f 187/375/161 68/1/54 297/4/229 508/386/398
f 508/386/398 297/4/229 64/9/50 163/387/141
f 157/107/135 508/386/398 163/387/141 10/108/10
f 113/318/93 360/388/282 509/389/399 258/319/197
f 360/388/282 118/338/98 308/341/236 509/389/399
f 509/389/399 308/341/236 90/343/70 251/390/190
f 258/319/197 509/389/399 251/390/190 60/320/46
f 12/295/12 158/391/136 510/392/400 247/296/186
f 158/391/136 81/287/65 309/290/237 510/392/400
f 510/392/400 309/290/237 89/292/69 239/393/178
f 247/296/186 510/392/400 239/393/178 54/297/40
f 28/149/19 196/394/156 511/395/156 227/241/19
f 196/394/156 85/159/68 310/240/68 511/395/156
f 511/395/156 310/240/68 88/217/68 230/396/156
f 227/241/19 511/395/156 230/396/156 46/208/19
f 31/212/19 211/397/156 512/398/156 212/234/19
f 211/397/156 86/223/68 311/238/68 512/398/156
f 512/398/156 311/238/68 87/97/68 223/399/156
f 212/234/19 512/398/156 223/399/156 37/118/19
f 46/208/19 230/396/156 513/400/156 200/209/19
f 230/396/156 88/217/68 312/220/68 513/400/156
f 513/400/156 312/220/68 86/223/68 211/397/156
f 200/209/19 513/400/156 211/397/156 31/212/19
f 5/145/5 298/401/230 514/402/156 191/146/19
f 298/401/230 81/154/65 313/157/68 514/402/156
f 514/402/156 313/157/68 85/159/68 196/394/156
f 191/146/19 514/402/156 196/394/156 28/149/19
f 37/118/19 223/399/156 515/403/156 176/119/19
f 223/399/156 87/97/68 314/100/68 515/403/156
f 515/403/156 314/100/68 84/43/68 182/404/156
f 176/119/19 515/403/156 182/404/156 19/19/19
f 2/80/2 159/405/137 516/406/401 175/81/153
f 159/405/137 82/85/66 315/88/238 516/406/401
f 516/406/401 315/88/238 83/90/67 167/407/145
f 175/81/153 516/406/401 167/407/145 14/82/14
f 19/19/19 182/404/156 517/408/156 147/20/19
f 182/404/156 84/43/68 316/46/68 517/408/156
f 517/408/156 316/46/68 82/51/66 159/409/137
f 147/20/19 517/408/156 159/409/137 2/23/2
f 119/410/99 397/411/319 518/412/402 380/413/302
f 397/411/319 120/414/100 327/415/249 518/412/402
f 518/412/402 327/415/249 93/416/73 323/417/245
f 380/413/302 518/412/402 323/417/245 97/418/77
f 121/419/101 396/420/318 519/421/403 382/422/304
f 396/420/318 122/423/102 329/424/251 519/421/403
f 519/421/403 329/424/251 99/425/79 320/426/242
f 382/422/304 519/421/403 320/426/242 96/427/76
f 123/428/103 395/429/317 520/430/404 384/431/306
f 395/429/317 124/432/104 331/433/253 520/430/404
f 520/430/404 331/433/253 92/434/72 317/435/239
f 384/431/306 520/430/404 317/435/239 91/436/71
f 125/437/105 394/438/316 521/439/405 386/440/308
f 394/438/316 126/441/106 333/442/255 521/439/405
f 521/439/405 333/442/255 95/443/75 324/444/246
f 386/440/308 521/439/405 324/444/246 98/445/78
f 124/432/104 393/446/315 522/447/406 331/433/253
f 393/446/315 119/410/99 380/413/302 522/447/406
f 522/447/406 380/413/302 97/418/77 321/448/243
f 331/433/253 522/447/406 321/448/243 92/434/72
f 120/414/100 392/449/314 523/450/407 327/415/249
f 392/449/314 127/451/107 334/452/256 523/450/407
f 523/450/407 334/452/256 94/453/74 318/454/240
f 327/415/249 523/450/407 318/454/240 93/416/73
f 122/423/102 391/455/313 524/456/408 329/424/251
f 391/455/313 123/428/103 384/431/306 524/456/408
f 524/456/408 384/431/306 91/436/71 325/457/247
f 329/424/251 524/456/408 325/457/247 99/425/79
f 127/451/107 390/458/312 525/459/409 334/452/256
f 390/458/312 125/437/105 386/440/308 525/459/409
f 525/459/409 386/440/308 98/445/78 322/460/244
f 334/452/256 525/459/409 322/460/244 94/453/74
f 126/441/106 389/461/311 526/462/410 333/442/255
f 389/461/311 121/419/101 382/422/304 526/462/410
f 526/462/410 382/422/304 96/427/76 319/463/241
f 333/442/255 526/462/410 319/463/241 95/443/75
f 99/425/79 325/457/247 527/464/411 344/465/266
f 325/457/247 91/436/71 345/466/267 527/464/411
f 527/464/411 345/466/267 100/467/80 343/468/265
f 344/465/266 527/464/411 343/468/265 108/469/88
f 94/453/74 322/460/244 528/470/412 346/471/268
f 322/460/244 98/445/78 347/472/269 528/470/412
f 528/470/412 347/472/269 107/473/87 340/474/262
f 346/471/268 528/470/412 340/474/262 103/475/83
f 95/443/75 319/463/241 529/476/413 348/477/270
f 319/463/241 96/427/76 349/478/271 529/476/413
f 529/476/413 349/478/271 105/479/85 337/480/259
f 348/477/270 529/476/413 337/480/259 104/481/84
f 97/418/77 323/417/245 530/482/414 350/483/272
f 323/417/245 93/416/73 351/484/273 530/482/414
f 530/482/414 351/484/273 102/485/82 341/486/263
f 350/483/272 530/482/414 341/486/263 106/487/86
f 96/427/76 320/426/242 531/488/415 349/478/271
f 320/426/242 99/425/79 344/465/266 531/488/415
f 531/488/415 344/465/266 108/469/88 338/489/260
f 349/478/271 531/488/415 338/489/260 105/479/85
f 91/436/71 317/435/239 532/490/416 345/466/267
f 317/435/239 92/434/72 352/491/274 532/490/416
f 532/490/416 352/491/274 101/492/81 335/493/257
f 345/466/267 532/490/416 335/493/257 100/467/80
f 98/445/78 324/444/246 533/494/417 347/472/269
f 324/444/246 95/443/75 348/477/270 533/494/417
f 533/494/417 348/477/270 104/481/84 342/495/264
f 347/472/269 533/494/417 342/495/264 107/473/87
f 92/434/72 321/448/243 534/496/418 352/491/274
f 321/448/243 97/418/77 350/483/272 534/496/418
f 534/496/418 350/483/272 106/487/86 339/497/261
f 352/491/274 534/496/418 339/497/261 101/492/81
f 93/416/73 318/454/240 535/498/419 351/484/273
f 318/454/240 94/453/74 346/471/268 535/498/419
f 535/498/419 346/471/268 103/475/83 336/499/258
f 351/484/273 535/498/419 336/499/258 102/485/82
f 107/473/87 342/495/264 536/500/420 371/501/293
f 104/481/84 372/502/294 536/500/420 342/495/264
f 109/503/89 371/501/293 536/500/420 372/502/294
f 101/492/81 339/497/261 537/504/421 373/505/295
f 106/487/86 374/506/296 537/504/421 339/497/261
f 109/503/89 373/505/295 537/504/421 374/506/296
f 102/485/82 336/499/258 538/507/422 375/508/297
f 103/475/83 376/509/298 538/507/422 336/499/258
f 109/503/89 375/508/297 538/507/422 376/509/298
f 108/469/88 343/468/265 539/510/423 377/511/299
f 100/467/80 369/512/291 539/510/423 343/468/265
f 109/503/89 377/511/299 539/510/423 369/512/291
f 103/475/83 340/474/262 540/513/424 376/509/298
f 107/473/87 371/501/293 540/513/424 340/474/262
f 109/503/89 376/509/298 540/513/424 371/501/293
f 104/481/84 337/480/259 541/514/425 372/502/294
f 105/479/85 378/515/300 541/514/425 337/480/259
f 109/503/89 372/502/294 541/514/425 378/515/300
f 106/487/86 341/486/263 542/516/426 374/506/296
f 102/485/82 375/508/297 542/516/426 341/486/263
f 109/503/89 374/506/296 542/516/426 375/508/297
f 105/479/85 338/489/260 543/517/427 378/515/300
f 108/469/88 377/511/299 543/517/427 338/489/260
f 109/503/89 378/515/300 543/517/427 377/511/299
f 100/467/80 335/493/257 544/518/428 369/512/291
f 101/492/81 373/505/295 544/518/428 335/493/257
f 109/503/89 369/512/291 544/518/428 373/505/295
f 54/297/40 239/393/178 545/519/429 365/520/287
f 239/393/178 89/292/69 361/521/283 545/519/429
f 545/519/429 361/521/283 118/338/98 360/388/282
f 365/520/287 545/519/429 360/388/282 113/318/93
f 50/275/36 240/355/179 546/522/430 256/523/195
f 240/355/179 77/268/61 362/524/284 546/522/430
f 546/522/430 362/524/284 110/308/90 359/347/281
f 256/523/195 546/522/430 359/347/281 115/327/95
f 52/260/38 241/352/180 547/525/431 368/526/290
f 241/352/180 78/286/62 363/527/285 547/525/431
f 547/525/431 363/527/285 111/332/91 358/344/280
f 368/526/290 547/525/431 358/344/280 116/303/96
f 89/292/69 306/291/234 548/528/432 361/521/283
f 306/291/234 49/277/35 259/529/198 548/528/432
f 548/528/432 259/529/198 112/323/92 357/339/279
f 361/521/283 548/528/432 357/339/279 118/338/98
f 78/286/62 277/285/214 549/530/433 363/527/285
f 277/285/214 53/284/39 257/531/196 549/530/433
f 549/530/433 257/531/196 114/314/94 356/333/278
f 363/527/285 549/530/433 356/333/278 111/332/91
f 49/277/35 236/276/175 550/532/434 259/529/198
f 236/276/175 50/275/36 256/523/195 550/532/434
f 550/532/434 256/523/195 115/327/95 355/324/277
f 259/529/198 550/532/434 355/324/277 112/323/92
f 53/284/39 238/298/177 551/533/435 257/531/196
f 238/298/177 54/297/40 365/520/287 551/533/435
f 551/533/435 365/520/287 113/318/93 354/315/276
f 257/531/196 551/533/435 354/315/276 114/314/94
f 77/268/61 276/267/213 552/534/436 362/524/284
f 276/267/213 51/262/37 254/535/193 552/534/436
f 552/534/436 254/535/193 117/299/97 353/309/275
f 362/524/284 552/534/436 353/309/275 110/308/90
f 51/262/37 237/261/176 553/536/437 254/535/193
f 237/261/176 52/260/38 368/526/290 553/536/437
f 553/536/437 368/526/290 116/303/96 379/300/301
f 254/535/193 553/536/437 379/300/301 117/299/97
f 59/537/45 250/538/189 554/539/438 387/540/309
f 250/538/189 60/541/46 328/542/250 554/539/438
f 554/539/438 328/542/250 121/419/101 389/461/311
f 387/540/309 554/539/438 389/461/311 126/441/106
f 58/543/44 253/544/192 555/545/439 388/546/310
f 253/544/192 80/547/64 332/548/254 555/545/439
f 555/545/439 332/548/254 125/437/105 390/458/312
f 388/546/310 555/545/439 390/458/312 127/451/107
f 90/549/70 307/550/235 556/551/440 383/552/305
f 307/550/235 55/553/41 330/554/252 556/551/440
f 556/551/440 330/554/252 123/428/103 391/455/313
f 383/552/305 556/551/440 391/455/313 122/423/102
f 57/555/43 249/556/188 557/557/441 381/558/303
f 249/556/188 58/543/44 388/546/310 557/557/441
f 557/557/441 388/546/310 127/451/107 392/449/314
f 381/558/303 557/557/441 392/449/314 120/414/100
f 56/559/42 252/560/191 558/561/442 385/562/307
f 252/560/191 79/563/63 326/564/248 558/561/442
f 558/561/442 326/564/248 119/410/99 393/446/315
f 385/562/307 558/561/442 393/446/315 124/432/104
f 80/547/64 279/565/216 559/566/443 332/548/254
f 279/565/216 59/537/45 387/540/309 559/566/443
f 559/566/443 387/540/309 126/441/106 394/438/316
f 332/548/254 559/566/443 394/438/316 125/437/105
f 55/553/41 248/567/187 560/568/444 330/554/252
f 248/567/187 56/559/42 385/562/307 560/568/444
f 560/568/444 385/562/307 124/432/104 395/429/317
f 330/554/252 560/568/444 395/429/317 123/428/103
f 60/541/46 251/569/190 561/570/445 328/542/250
f 251/569/190 90/549/70 383/552/305 561/570/445
f 561/570/445 383/552/305 122/423/102 396/420/318
f 328/542/250 561/570/445 396/420/318 121/419/101
f 79/563/63 278/571/215 562/572/446 326/564/248
f 278/571/215 57/555/43 381/558/303 562/572/446
f 562/572/446 381/558/303 120/414/100 397/411/319
f 326/564/248 562/572/446 397/411/319 119/410/99
f 16/74/16 168/380/146 563/573/447 407/574/329
f 168/380/146 65/96/51 408/575/330 563/573/447
f 563/573/447 408/575/330 134/576/114 402/577/324
f 407/574/329 563/573/447 402/577/324 131/578/111
f 15/67/15 165/75/143 564/579/448 409/580/331
f 165/75/143 16/74/16 407/574/329 564/579/448
f 564/579/448 407/574/329 131/578/111 399/581/321
f 409/580/331 564/579/448 399/581/321 130/582/110
f 65/96/51 264/95/203 565/583/449 408/575/330
f 264/95/203 13/84/13 410/584/332 565/583/449
f 565/583/449 410/584/332 128/585/108 404/586/326
f 408/575/330 565/583/449 404/586/326 134/576/114
f 18/58/18 169/383/147 566/587/450 411/588/333
f 169/383/147 66/69/52 412/589/334 566/587/450
f 566/587/450 412/589/334 135/590/115 403/591/325
f 411/588/333 566/587/450 403/591/325 133/592/113
f 17/60/17 166/59/144 567/593/451 413/594/335
f 166/59/144 18/58/18 411/588/333 567/593/451
f 567/593/451 411/588/333 133/592/113 400/595/322
f 413/594/335 567/593/451 400/595/322 132/596/112
f 66/69/52 265/68/204 568/597/452 412/589/334
f 265/68/204 15/67/15 409/580/331 568/597/452
f 568/597/452 409/580/331 130/582/110 405/598/327
f 412/589/334 568/597/452 405/598/327 135/590/115
f 14/82/14 167/407/145 569/599/453 414/600/336
f 167/407/145 83/90/67 415/601/337 569/599/453
f 569/599/453 415/601/337 136/602/116 401/603/323
f 414/600/336 569/599/453 401/603/323 129/604/109
f 13/84/13 164/83/142 570/605/454 410/584/332
f 164/83/142 14/82/14 414/600/336 570/605/454
f 570/605/454 414/600/336 129/604/109 398/606/320
f 410/584/332 570/605/454 398/606/320 128/585/108
f 83/90/67 300/89/232 571/607/455 415/601/337
f 300/89/232 17/60/17 413/594/335 571/607/455
f 571/607/455 413/594/335 132/596/112 406/608/328
f 415/601/337 571/607/455 406/608/328 136/602/116
f 130/582/110 399/581/321 572/609/456 425/610/347
f 399/581/321 131/578/111 426/611/348 572/609/456
f 572/609/456 426/611/348 140/612/120 417/613/339
f 425/610/347 572/609/456 417/613/339 139/614/119
f 136/602/116 406/608/328 573/615/457 427/616/349
f 406/608/328 132/596/112 428/617/350 573/615/457
f 573/615/457 428/617/350 141/618/121 424/619/346
f 427/616/349 573/615/457 424/619/346 145/620/125
f 133/592/113 403/591/325 574/621/458 429/622/351
f 403/591/325 135/590/115 430/623/352 574/621/458
f 574/621/458 430/623/352 144/624/124 421/625/343
f 429/622/351 574/621/458 421/625/343 142/626/122
f 132/596/112 400/595/322 575/627/459 428/617/350
f 400/595/322 133/592/113 429/622/351 575/627/459
f 575/627/459 429/622/351 142/626/122 418/628/340
f 428/617/350 575/627/459 418/628/340 141/618/121
f 134/576/114 404/586/326 576/629/460 431/630/353
f 404/586/326 128/585/108 432/631/354 576/629/460
f 576/629/460 432/631/354 137/632/117 422/633/344
f 431/630/353 576/629/460 422/633/344 143/634/123
f 129/604/109 401/603/323 577/635/461 433/636/355
f 401/603/323 136/602/116 427/616/349 577/635/461
f 577/635/461 427/616/349 145/620/125 419/637/341
f 433/636/355 577/635/461 419/637/341 138/638/118
f 128/585/108 398/606/320 578/639/462 432/631/354
f 398/606/320 129/604/109 433/636/355 578/639/462
f 578/639/462 433/636/355 138/638/118 416/640/338
f 432/631/354 578/639/462 416/640/338 137/632/117
f 135/590/115 405/598/327 579/641/463 430/623/352
f 405/598/327 130/582/110 425/610/347 579/641/463
f 579/641/463 425/610/347 139/614/119 423/642/345
f 430/623/352 579/641/463 423/642/345 144/624/124
f 131/578/111 402/577/324 580/643/464 426/611/348
f 402/577/324 134/576/114 431/630/353 580/643/464
f 580/643/464 431/630/353 143/634/123 420/644/342
f 426/611/348 580/643/464 420/644/342 140/612/120
f 145/620/125 424/619/346 581/645/465 434/646/356
f 424/619/346 141/618/121 418/628/340 581/645/465
f 581/645/465 418/628/340 142/626/122 421/625/343
f 434/646/356 581/645/465 421/625/343 144/624/124
f 143/634/123 422/633/344 582/647/466 435/648/357
f 422/633/344 137/632/117 416/640/338 582/647/466
f 582/647/466 416/640/338 138/638/118 419/637/341
f 435/648/357 582/647/466 419/637/341 145/620/125
f 144/624/124 423/642/345 583/649/467 436/650/358
f 423/642/345 139/614/119 417/613/339 583/649/467
f 583/649/467 417/613/339 140/612/120 420/644/342
f 436/650/358 583/649/467 420/644/342 143/634/123
f 144/624/124 436/650/358 584/651/468 434/646/356
f 143/634/123 435/648/357 584/651/468 436/650/358
f 145/620/125 434/646/356 584/651/468 435/648/357
o Orders
v 0.210673 0.032042 -0.349775
v 0.210673 0.019046 -0.349775
v 0.210673 0.006051 -0.349775
v 0.210673 0.032042 -0.447444
v 0.210673 0.019046 -0.447444
v 0.210673 0.006051 -0.447444
v 0.177660 0.004709 -0.361429
v 0.189315 -0.006945 -0.361429
v 0.189315 0.004709 -0.349775
v 0.179217 -0.001110 -0.361429
v 0.179217 0.004709 -0.355610
v 0.180730 -0.000864 -0.355856
v 0.189315 -0.005388 -0.355610
v 0.183495 -0.005388 -0.361429
v 0.183742 -0.003876 -0.355856
v 0.183495 0.004709 -0.351332
v 0.189315 -0.001110 -0.351332
v 0.183742 -0.000864 -0.352844
v 0.177660 0.056692 -0.361429
v 0.189315 0.056692 -0.349775
v 0.189315 0.068346 -0.361429
v 0.179217 0.056692 -0.355610
v 0.179217 0.062512 -0.361429
v 0.180730 0.062265 -0.355856
v 0.189315 0.062512 -0.351332
v 0.183495 0.056692 -0.351332
v 0.183742 0.062265 -0.352844
v 0.183495 0.066789 -0.361429
v 0.189315 0.066789 -0.355610
v 0.183742 0.065277 -0.355856
v 0.177660 0.004709 -0.435789
v 0.189315 0.004709 -0.447444
v 0.189315 -0.006945 -0.435789
v 0.179217 0.004709 -0.441609
v 0.179217 -0.001110 -0.435789
v 0.180730 -0.000864 -0.441363
v 0.189315 -0.001110 -0.445887
v 0.183495 0.004709 -0.445887
v 0.183742 -0.000864 -0.444374
v 0.183495 -0.005388 -0.435789
v 0.189315 -0.005388 -0.441609
v 0.183742 -0.003876 -0.441363
v 0.177660 0.056692 -0.435789
v 0.189315 0.068346 -0.435789
v 0.189315 0.056692 -0.447444
v 0.179217 0.062512 -0.435789
v 0.179217 0.056692 -0.441609
v 0.180730 0.062265 -0.441363
v 0.189315 0.066789 -0.441609
v 0.183495 0.066789 -0.435789
v 0.183742 0.065277 -0.441363
v 0.183495 0.056692 -0.445887
v 0.189315 0.062512 -0.445887
v 0.183742 0.062265 -0.444374
v 0.366840 -0.006945 -0.361429
v 0.378494 0.004709 -0.361429
v 0.366840 0.004709 -0.349775
v 0.372660 -0.005388 -0.361429
v 0.366840 -0.005388 -0.355610
v 0.372413 -0.003876 -0.355856
v 0.376937 0.004709 -0.355610
v 0.376937 -0.001110 -0.361429
v 0.375425 -0.000864 -0.355856
v 0.366840 -0.001110 -0.351332
v 0.372660 0.004709 -0.351332
v 0.372413 -0.000864 -0.352844
v 0.366840 0.004709 -0.447444
v 0.378494 0.004709 -0.435789
v 0.366840 -0.006945 -0.435789
v 0.372660 0.004709 -0.445887
v 0.366840 -0.001110 -0.445887
v 0.372413 -0.000864 -0.444374
v 0.376937 -0.001110 -0.435789
v 0.376937 0.004709 -0.441609
v 0.375425 -0.000864 -0.441363
v 0.366840 -0.005388 -0.441609
v 0.372660 -0.005388 -0.435789
v 0.372413 -0.003876 -0.441363
v 0.210673 0.004709 -0.447444
v 0.210673 -0.006945 -0.435789
v 0.210673 -0.001118 -0.445882
v 0.210673 -0.005384 -0.441616
v 0.199018 0.056692 -0.447444
v 0.199018 0.068346 -0.435789
v 0.210673 0.056692 -0.435789
v 0.199018 0.062512 -0.445887
v 0.204838 0.056692 -0.445887
v 0.204591 0.062265 -0.444374
v 0.204838 0.066789 -0.435789
v 0.199018 0.066789 -0.441609
v 0.204591 0.065277 -0.441363
v 0.209116 0.056692 -0.441609
v 0.209116 0.062512 -0.435789
v 0.207603 0.062265 -0.441363
v 0.210673 0.004709 -0.349775
v 0.210673 -0.006945 -0.361429
v 0.210673 -0.001118 -0.351336
v 0.210673 -0.005384 -0.355602
v 0.199018 0.056692 -0.349775
v 0.210673 0.056692 -0.361429
v 0.199018 0.068346 -0.361429
v 0.204838 0.056692 -0.351332
v 0.199018 0.062512 -0.351332
v 0.204591 0.062265 -0.352844
v 0.209116 0.062512 -0.361429
v 0.209116 0.056692 -0.355610
v 0.207603 0.062265 -0.355856
v 0.199018 0.066789 -0.355610
v 0.204838 0.066789 -0.361429
v 0.204591 0.065277 -0.355856
v 0.378494 0.033383 -0.435789
v 0.366840 0.033383 -0.447444
v 0.366840 0.045038 -0.435789
v 0.376937 0.033383 -0.441609
v 0.376937 0.039203 -0.435789
v 0.375425 0.038957 -0.441363
v 0.366840 0.039203 -0.445887
v 0.372660 0.033383 -0.445887
v 0.372413 0.038957 -0.444374
v 0.372660 0.043481 -0.435789
v 0.366840 0.043481 -0.441609
v 0.372413 0.041968 -0.441363
v 0.366840 0.033383 -0.349775
v 0.378494 0.033383 -0.361429
v 0.366840 0.045038 -0.361429
v 0.372660 0.033383 -0.351332
v 0.366840 0.039203 -0.351332
v 0.372413 0.038957 -0.352844
v 0.376937 0.039203 -0.361429
v 0.376937 0.033383 -0.355610
v 0.375425 0.038957 -0.355856
v 0.366840 0.043481 -0.355610
v 0.372660 0.043481 -0.361429
v 0.372413 0.041968 -0.355856
v 0.222327 0.045038 -0.361429
v 0.210673 0.056692 -0.361429
v 0.199018 0.033383 -0.349775
v 0.216607 0.046767 -0.361429
v 0.214920 0.043325 -0.355734
v 0.212620 0.045048 -0.355910
v 0.208960 0.049285 -0.355734
v 0.212402 0.050972 -0.361429
v 0.210683 0.046985 -0.355910
v 0.206426 0.039078 -0.351487
v 0.204713 0.040791 -0.351487
v 0.208716 0.043081 -0.352780
v 0.222327 0.045038 -0.435789
v 0.199018 0.033383 -0.447444
v 0.210673 0.056692 -0.435789
v 0.214920 0.043325 -0.441484
v 0.216607 0.046767 -0.435789
v 0.212620 0.045048 -0.441308
v 0.204713 0.040791 -0.445731
v 0.206426 0.039078 -0.445731
v 0.208716 0.043081 -0.444439
v 0.212402 0.050972 -0.435789
v 0.208960 0.049285 -0.441484
v 0.210683 0.046985 -0.441308
v 0.378494 0.032042 -0.435789
v 0.366840 0.032042 -0.447444
v 0.376933 0.032042 -0.441616
v 0.372667 0.032042 -0.445882
v 0.378494 0.019046 -0.435789
v 0.366840 0.019046 -0.447444
v 0.376933 0.019046 -0.441616
v 0.372667 0.019046 -0.445882
v 0.366840 0.006051 -0.447444
v 0.378494 0.006051 -0.435789
v 0.372667 0.006051 -0.445882
v 0.376933 0.006051 -0.441616
v 0.366840 0.032042 -0.349775
v 0.378494 0.032042 -0.361429
v 0.372667 0.032042 -0.351336
v 0.376933 0.032042 -0.355602
v 0.366840 0.019046 -0.349775
v 0.378494 0.019046 -0.361429
v 0.372667 0.019046 -0.351336
v 0.376933 0.019046 -0.355602
v 0.378494 0.006051 -0.361429
v 0.366840 0.006051 -0.349775
v 0.376933 0.006051 -0.355602
v 0.372667 0.006051 -0.351336
vn -0.9318 -0.2566 0.2566
vn -0.6901 -0.6901 0.2178
vn -0.2566 -0.9318 0.2566
vn -0.2178 -0.6901 0.6901
vn -0.2566 -0.2566 0.9318
vn -0.6901 -0.2178 0.6901
vn -0.5774 -0.5773 0.5774
vn -0.9318 0.2566 0.2566
vn -0.6901 0.2178 0.6901
vn -0.2566 0.2566 0.9318
vn -0.2178 0.6901 0.6901
vn -0.2566 0.9318 0.2566
vn -0.6901 0.6901 0.2178
vn -0.5774 0.5774 0.5774
vn -0.9318 -0.2566 -0.2566
vn -0.6901 -0.2178 -0.6901
vn -0.2566 -0.2566 -0.9318
vn -0.2178 -0.6901 -0.6901
vn -0.2566 -0.9318 -0.2566
vn -0.6901 -0.6901 -0.2178
vn -0.5774 -0.5773 -0.5774
vn -0.9318 0.2566 -0.2566
vn -0.6901 0.6901 -0.2178
vn -0.2566 0.9318 -0.2566
vn -0.2178 0.6901 -0.6901
vn -0.2566 0.2566 -0.9318
vn -0.6901 0.2178 -0.6901
vn -0.5774 0.5774 -0.5774
vn 0.2566 -0.9318 0.2566
vn 0.6901 -0.6901 0.2178
vn 0.9318 -0.2566 0.2566
vn 0.6901 -0.2178 0.6901
vn 0.2566 -0.2566 0.9318
vn 0.2178 -0.6901 0.6901
vn 0.5774 -0.5773 0.5773
vn 0.2566 -0.2566 -0.9318
vn 0.6901 -0.2178 -0.6901
vn 0.9318 -0.2566 -0.2566
vn 0.6901 -0.6901 -0.2178
vn 0.2566 -0.9318 -0.2566
vn 0.2178 -0.6901 -0.6901
vn 0.5774 -0.5774 -0.5773
vn 0.2566 0.2566 -0.9318
vn 0.2178 0.6901 -0.6901
vn 0.2566 0.9318 -0.2566
vn 0.6901 0.6901 -0.2178
vn 0.9318 0.2566 -0.2566
vn 0.6901 0.2178 -0.6901
vn 0.5774 0.5774 -0.5773
vn 0.2566 0.2566 0.9318
vn 0.6901 0.2178 0.6901
vn 0.9318 0.2566 0.2566
vn 0.6901 0.6901 0.2178
vn 0.2566 0.9318 0.2566
vn 0.2178 0.6901 0.6901
vn 0.5774 0.5774 0.5773
vn 0.3178 0.7669 0.5576
vn 0.5708 0.5708 0.5902
vn 0.7669 0.3178 0.5576
vn 0.2271 0.4115 0.8827
vn 0.1513 0.1513 0.9768
vn 0.4115 0.2271 0.8827
vn 0.4258 0.4258 0.7984
vn 0.3178 0.7669 -0.5576
vn 0.4115 0.2271 -0.8827
vn 0.1513 0.1513 -0.9768
vn 0.2271 0.4115 -0.8827
vn 0.7669 0.3178 -0.5576
vn 0.5708 0.5708 -0.5902
vn 0.4258 0.4258 -0.7984
vn -0.2585 -0.9660 -0.0000
vn -0.7071 -0.7071 -0.0000
vn -0.9660 -0.2585 -0.0000
vn -0.2585 0.9660 -0.0000
vn -0.7071 0.7071 -0.0000
vn -0.9660 0.2585 -0.0000
vn 0.0001 -0.9660 -0.2586
vn -0.0001 -0.7071 -0.7071
vn 0.0001 -0.2586 -0.9660
vn 0.9660 0.0009 -0.2586
vn 0.7071 -0.0017 -0.7071
vn 0.2586 0.0009 -0.9660
vn 0.2585 -0.9660 -0.0000
vn 0.7071 -0.7071 -0.0000
vn 0.9660 -0.2585 -0.0000
vn 0.2586 0.0009 0.9660
vn 0.7071 -0.0017 0.7071
vn 0.9660 0.0009 0.2586
vn -0.0000 -0.9660 0.2586
vn -0.0000 -0.7071 0.7071
vn -0.0000 -0.2586 0.9660
vn -0.0000 0.9660 0.2585
vn -0.0000 0.7071 0.7071
vn -0.0000 0.2585 0.9660
vn -0.0000 -0.9660 -0.2586
vn -0.0000 -0.7071 -0.7071
vn -0.0000 -0.2586 -0.9660
vn -0.0000 0.9660 -0.2585
vn -0.0000 0.7071 -0.7071
vn -0.0000 0.2585 -0.9660
vn 0.0001 -0.9660 0.2586
vn -0.0001 -0.7071 0.7071
vn 0.0001 -0.2586 0.9660
vn 0.2585 0.9660 -0.0000
vn 0.7071 0.7071 -0.0000
vn 0.9660 0.2585 -0.0000
vn -0.2585 -0.0000 0.9660
vn -0.7071 -0.0000 0.7071
vn -0.9660 -0.0000 0.2585
vn -0.2585 -0.0000 -0.9660
vn -0.7071 -0.0000 -0.7071
vn -0.9660 -0.0000 -0.2585
vn 0.2894 0.9572 -0.0000
vn 0.9572 0.2894 -0.0000
vn 0.2759 -0.0047 0.9612
vn 0.7154 -0.0170 0.6985
vn 0.9657 -0.0246 0.2584
vn 0.9657 -0.0246 -0.2584
vn 0.7154 -0.0170 -0.6985
vn 0.2759 -0.0047 -0.9612
vn -0.0006 0.9621 0.2728
vn -0.0013 0.7077 0.7065
vn -0.0006 0.2735 0.9619
vn -0.0006 0.9621 -0.2728
vn -0.0013 0.7077 -0.7065
vn -0.0006 0.2735 -0.9619
vn 0.9660 -0.0009 -0.2586
vn 0.7071 0.0017 -0.7071
vn 0.2586 -0.0009 -0.9660
vn 0.9659 -0.0000 -0.2588
vn 0.7071 -0.0000 -0.7071
vn 0.2588 -0.0000 -0.9659
vn 0.2586 -0.0009 0.9660
vn 0.7071 0.0017 0.7071
vn 0.9660 -0.0009 0.2586
vn 0.2588 -0.0000 0.9659
vn 0.7071 -0.0000 0.7071
vn 0.9659 -0.0000 0.2588
vn -0.0000 -1.0000 -0.0000
vn -0.0000 -0.0000 1.0000
vn -1.0000 -0.0000 -0.0000
vn -0.0000 1.0000 -0.0000
vn -0.0000 -0.0000 -1.0000
vn 1.0000 -0.0000 -0.0000
vt 0.033854 0.828418
vt 0.000224 0.828418
vt 0.000224 0.844501
vt 0.033854 0.845212
vt 0.248432 0.000224
vt 0.248432 0.017061
vt 0.264515 0.017772
vt 0.264515 0.000224
vt 0.248432 0.033854
vt 0.265225 0.033854
vt 0.282063 0.033854
vt 0.282063 0.017772
vt 0.316141 0.546132
vt 0.316141 0.579763
vt 0.282510 0.562215
vt 0.282510 0.546132
vt 0.033854 0.862049
vt 0.000224 0.862049
vt 0.183859 0.828418
vt 0.183859 0.845212
vt 0.217490 0.844501
vt 0.217490 0.828418
vt 0.183859 0.862049
vt 0.217490 0.862049
vt 0.466146 0.546132
vt 0.499776 0.546132
vt 0.499776 0.562215
vt 0.466146 0.579763
vt 0.751568 0.484948
vt 0.751568 0.501786
vt 0.735485 0.502496
vt 0.735485 0.484948
vt 0.751568 0.518579
vt 0.734775 0.518579
vt 0.717938 0.518579
vt 0.717938 0.502496
vt 0.033854 0.613841
vt 0.033854 0.597047
vt 0.000224 0.597758
vt 0.000224 0.613841
vt 0.033854 0.580210
vt 0.000224 0.580210
vt 0.533854 0.546132
vt 0.500224 0.546132
vt 0.500224 0.562215
vt 0.533854 0.579763
vt 0.000224 0.033854
vt 0.017061 0.033854
vt 0.017772 0.017772
vt 0.000224 0.017772
vt 0.033854 0.033854
vt 0.033854 0.017061
vt 0.033854 0.000224
vt 0.017772 0.000224
vt 0.183859 0.613841
vt 0.217490 0.613841
vt 0.217490 0.597758
vt 0.183859 0.597047
vt 0.717938 0.733157
vt 0.734775 0.733157
vt 0.735485 0.749239
vt 0.717938 0.749239
vt 0.751568 0.733157
vt 0.751568 0.749950
vt 0.751568 0.766787
vt 0.735485 0.766787
vt 0.683859 0.546132
vt 0.683859 0.579763
vt 0.717490 0.562215
vt 0.717490 0.546132
vt 0.183859 0.580210
vt 0.217490 0.580210
vt 0.248432 0.546132
vt 0.248432 0.562925
vt 0.264515 0.562215
vt 0.265225 0.546132
vt 0.248432 0.579763
vt 0.264515 0.579763
vt 0.334312 0.613841
vt 0.334312 0.580210
vt 0.367943 0.597758
vt 0.367943 0.613841
vt 0.316141 0.000224
vt 0.316141 0.017061
vt 0.282510 0.017772
vt 0.282510 0.000224
vt 0.316141 0.033854
vt 0.282510 0.033854
vt 0.282063 0.546132
vt 0.282063 0.562215
vt 0.533854 0.033854
vt 0.533854 0.017061
vt 0.500224 0.017772
vt 0.500224 0.033854
vt 0.533854 0.000224
vt 0.500224 0.000224
vt 0.334312 0.828418
vt 0.367943 0.828418
vt 0.367943 0.844501
vt 0.334312 0.862049
vt 0.033854 0.579763
vt 0.033854 0.562925
vt 0.017772 0.562215
vt 0.017772 0.579763
vt 0.033854 0.546132
vt 0.017061 0.546132
vt 0.000224 0.546132
vt 0.000224 0.562215
vt 0.683860 0.518131
vt 0.717490 0.518131
vt 0.717490 0.502049
vt 0.683859 0.501338
vt 0.779569 0.766787
vt 0.779569 0.749950
vt 0.795651 0.749239
vt 0.795651 0.766787
vt 0.779569 0.733157
vt 0.796362 0.733157
vt 0.813199 0.733157
vt 0.813199 0.749239
vt 0.402021 0.613841
vt 0.402021 0.580210
vt 0.435651 0.597758
vt 0.435651 0.613841
vt 0.683859 0.484501
vt 0.717490 0.484501
vt 0.466146 0.518131
vt 0.466146 0.484501
vt 0.499776 0.502049
vt 0.499776 0.518131
vt 0.402021 0.862049
vt 0.402021 0.845212
vt 0.435651 0.844501
vt 0.435651 0.862049
vt 0.402021 0.828418
vt 0.435651 0.828418
vt 0.813199 0.518579
vt 0.796362 0.518579
vt 0.795651 0.502496
vt 0.813199 0.502496
vt 0.779569 0.518579
vt 0.779569 0.501786
vt 0.779569 0.484948
vt 0.795651 0.484948
vt 0.251568 0.828418
vt 0.251568 0.862049
vt 0.217938 0.844501
vt 0.217938 0.828418
vt 0.616599 0.000224
vt 0.616599 0.017061
vt 0.650229 0.017772
vt 0.650229 0.000224
vt 0.616599 0.033854
vt 0.650229 0.033854
vt 0.717937 0.450870
vt 0.734775 0.450870
vt 0.735485 0.466953
vt 0.717937 0.466953
vt 0.751568 0.450870
vt 0.751568 0.467663
vt 0.751568 0.484501
vt 0.735485 0.484501
vt 0.398885 0.033854
vt 0.398885 0.017061
vt 0.432515 0.017772
vt 0.432515 0.033854
vt 0.398885 0.000224
vt 0.432515 0.000224
vt 0.251568 0.613841
vt 0.217938 0.613841
vt 0.217938 0.597758
vt 0.251568 0.580210
vt 0.966146 0.484501
vt 0.966146 0.467663
vt 0.982228 0.466953
vt 0.982228 0.484501
vt 0.966146 0.450870
vt 0.982939 0.450870
vt 0.999776 0.450870
vt 0.999776 0.466953
vt 0.966146 0.033854
vt 0.966146 0.017348
vt 0.982071 0.005843
vt 0.982579 0.012479
vt 0.966146 0.000224
vt 0.982071 0.000224
vt 0.402021 0.828418
vt 0.380646 0.844852
vt 0.368390 0.844344
vt 0.368390 0.828418
vt 0.368390 0.862049
vt 0.398885 0.518131
vt 0.432515 0.484501
vt 0.432515 0.484501
vt 0.999776 0.000224
vt 0.999776 0.000224
vt 0.751568 0.033854
vt 0.735134 0.012479
vt 0.735642 0.005843
vt 0.751568 0.017348
vt 0.717937 0.000224
vt 0.616599 0.518131
vt 0.637974 0.501697
vt 0.650229 0.484501
vt 0.650229 0.484501
vt 0.662484 0.484501
vt 0.402021 0.613841
vt 0.368390 0.613841
vt 0.368390 0.597915
vt 0.380646 0.580210
vt 0.751568 0.000224
vt 0.735642 0.000224
vt 0.033854 0.095486
vt 0.017039 0.095486
vt 0.000224 0.095486
vt 0.500224 0.484501
vt 0.533854 0.484501
vt 0.330441 0.828418
vt 0.330441 0.862049
vt 0.537725 0.000224
vt 0.537725 0.017039
vt 0.537725 0.033854
vt 0.320011 0.033854
vt 0.320011 0.017039
vt 0.320011 0.000224
vt 0.330441 0.580210
vt 0.330441 0.613841
vt 0.248432 0.095486
vt 0.265247 0.095486
vt 0.282063 0.095486
vt 0.282510 0.484501
vt 0.316141 0.484501
vt 0.255439 0.828418
vt 0.255439 0.862049
vt 0.612728 0.000224
vt 0.612728 0.017039
vt 0.612728 0.033854
vt 0.292940 0.828418
vt 0.292940 0.862049
vt 0.575226 0.000224
vt 0.575226 0.017039
vt 0.575226 0.033854
vt 0.395014 0.033854
vt 0.395014 0.017039
vt 0.395014 0.000224
vt 0.255439 0.580210
vt 0.255439 0.613841
vt 0.357513 0.033854
vt 0.357513 0.017039
vt 0.357513 0.000224
vt 0.292940 0.580210
vt 0.292940 0.613841
vt 0.320011 0.484501
vt 0.357513 0.484501
vt 0.395014 0.484501
vt 0.612728 0.484501
vt 0.575226 0.484501
vt 0.537725 0.484501
s 0
usemtl Recycled_cardboard_texture
f 591/652/469 594/653/469 596/654/469 595/655/469
f 594/656/470 598/657/470 599/658/470 596/659/470
f 592/660/471 597/661/471 599/658/471 598/657/471
f 597/661/472 601/662/472 602/663/472 599/658/472
f 593/664/473 600/665/473 602/666/473 601/667/473
f 600/668/474 595/655/474 596/654/474 602/669/474
f 596/659/475 599/658/475 602/663/475
f 603/670/476 606/671/476 608/672/476 607/673/476
f 606/671/477 610/674/477 611/675/477 608/672/477
f 604/676/478 609/677/478 611/678/478 610/679/478
f 609/680/479 613/681/479 614/682/479 611/683/479
f 605/684/480 612/685/480 614/682/480 613/681/480
f 612/685/481 607/686/481 608/687/481 614/682/481
f 608/687/482 611/683/482 614/682/482
f 615/688/483 618/689/483 620/690/483 619/691/483
f 618/689/484 622/692/484 623/693/484 620/690/484
f 616/694/485 621/695/485 623/696/485 622/697/485
f 621/698/486 625/699/486 626/700/486 623/701/486
f 617/702/487 624/703/487 626/700/487 625/699/487
f 624/703/488 619/704/488 620/705/488 626/700/488
f 620/705/489 623/701/489 626/700/489
f 627/706/490 630/707/490 632/708/490 631/709/490
f 630/710/491 634/711/491 635/712/491 632/713/491
f 628/714/492 633/715/492 635/712/492 634/711/492
f 633/715/493 637/716/493 638/717/493 635/712/493
f 629/718/494 636/719/494 638/720/494 637/721/494
f 636/722/495 631/709/495 632/708/495 638/723/495
f 632/713/496 635/712/496 638/717/496
f 639/724/497 642/725/497 644/726/497 643/727/497
f 642/725/498 646/728/498 647/729/498 644/726/498
f 640/730/499 645/731/499 647/732/499 646/733/499
f 645/734/500 649/735/500 650/736/500 647/737/500
f 641/738/501 648/739/501 650/736/501 649/735/501
f 648/740/502 643/727/502 644/726/502 650/741/502
f 644/726/503 647/729/503 650/741/503
f 651/742/504 654/743/504 656/744/504 655/745/504
f 654/743/505 658/746/505 659/747/505 656/744/505
f 652/748/506 657/749/506 659/750/506 658/751/506
f 657/752/507 661/753/507 662/754/507 659/755/507
f 653/756/508 660/757/508 662/754/508 661/753/508
f 660/757/509 655/758/509 656/759/509 662/754/509
f 656/759/510 659/755/510 662/754/510
f 667/760/511 670/761/511 672/762/511 671/763/511
f 670/764/512 674/765/512 675/766/512 672/767/512
f 668/768/513 673/769/513 675/766/513 674/765/513
f 673/769/514 677/770/514 678/771/514 675/766/514
f 669/772/515 676/773/515 678/774/515 677/775/515
f 676/776/516 671/763/516 672/762/516 678/777/516
f 672/767/517 675/766/517 678/771/517
f 683/778/518 686/779/518 688/780/518 687/781/518
f 686/782/519 690/783/519 691/784/519 688/785/519
f 684/786/520 689/787/520 691/784/520 690/783/520
f 689/788/521 693/789/521 694/790/521 691/791/521
f 685/792/522 692/793/522 694/790/522 693/789/522
f 692/793/523 687/794/523 688/795/523 694/790/523
f 688/795/524 691/791/524 694/790/524
f 720/838/527 725/839/527 727/840/527 726/841/527
f 725/839/528 729/842/528 730/842/528 727/840/528
f 732/853/534 737/854/534 739/855/534 738/856/534
f 737/854/535 741/857/535 742/856/535 739/855/535
f 733/858/536 740/859/536 742/860/536 741/861/536
f 617/702/539 592/660/539 598/657/539 624/703/539
f 624/703/540 598/657/540 594/656/540 619/704/540
f 619/691/541 594/653/541 591/652/541 615/688/541
f 605/684/542 628/714/542 634/711/542 612/685/542
f 612/685/543 634/711/543 630/710/543 607/686/543
f 607/673/544 630/707/544 627/706/544 603/670/544
f 664/864/545 617/702/545 625/699/545 666/865/545
f 666/865/546 625/699/546 621/698/546 665/866/546
f 665/867/547 621/695/547 616/694/547 663/868/547
f 752/869/548 652/748/548 658/751/548 754/870/548
f 754/871/549 658/746/549 654/743/549 753/872/549
f 753/872/550 654/743/550 651/742/550 751/873/550
f 639/724/551 653/756/551 661/753/551 642/725/551
f 642/725/552 661/753/552 657/752/552 646/728/552
f 646/733/553 657/749/553 652/748/553 640/730/553
f 764/874/554 641/738/554 649/735/554 766/875/554
f 766/875/555 649/735/555 645/734/555 765/876/555
f 765/877/556 645/731/556 640/730/556 763/878/556
f 680/879/557 639/724/557 643/727/557 682/880/557
f 682/880/558 643/727/558 648/740/558 681/881/558
f 681/882/559 648/739/559 641/738/559 679/883/559
f 685/792/560 605/684/560 613/681/560 692/793/560
f 692/793/561 613/681/561 609/680/561 687/794/561
f 687/781/562 609/677/562 604/676/562 683/778/562
f 653/756/563 664/864/563 666/865/563 660/757/563
f 660/757/564 666/865/564 665/866/564 655/758/564
f 655/745/565 665/867/565 663/868/565 651/742/565
f 628/714/566 668/768/566 674/765/566 633/715/566
f 633/715/567 674/765/567 670/764/567 637/716/567
f 637/721/568 670/761/568 667/760/568 629/718/568
f 592/660/569 680/879/569 682/880/569 597/661/569
f 597/661/570 682/880/570 681/881/570 601/662/570
f 601/667/571 681/882/571 679/883/571 593/664/571
f 668/768/572 685/792/572 693/789/572 673/769/572
f 673/769/573 693/789/573 689/788/573 677/770/573
f 677/775/574 689/787/574 684/786/574 669/772/574
f 593/664/575 604/676/575 610/679/575 600/665/575
f 600/668/576 610/674/576 606/671/576 595/655/576
f 595/655/577 606/671/577 603/670/577 591/652/577
f 629/718/578 616/694/578 622/697/578 636/719/578
f 636/722/579 622/692/579 618/689/579 631/709/579
f 631/709/580 618/689/580 615/688/580 627/706/580
f 726/841/582 740/859/582 733/858/582 720/838/582
f 683/778/583 721/843/583 729/845/583 686/779/583
f 686/782/584 729/842/584 725/839/584 690/783/584
f 690/783/585 725/839/585 720/838/585 684/786/585
f 669/772/586 733/858/586 741/861/586 676/773/586
f 676/776/587 741/857/587 737/854/587 671/763/587
f 671/763/588 737/854/588 732/853/588 667/760/588
f 617/702/607 664/864/607 680/879/607 592/660/607
f 679/883/608 587/904/608 586/905/608 585/906/608 721/843/608 683/778/608 604/676/608 593/664/608
f 591/652/609 603/670/609 627/706/609 615/688/609
f 668/768/610 628/714/610 605/684/610 685/792/610
f 616/694/611 629/718/611 667/760/611 732/853/611 588/907/611 589/908/611 590/909/611 663/868/611
f 652/748/612 752/869/612 763/878/612 640/730/612
f 641/738/608 764/874/608 587/904/608 679/883/608
f 664/864/607 653/756/607 639/724/607 680/879/607
f 663/868/611 590/909/611 751/873/611 651/742/611
f 669/772/612 684/786/612 720/838/612 733/858/612
usemtl Paper_20
f 695/796/515 698/797/515 700/798/515 699/799/515
f 698/800/516 702/801/516 703/802/516 700/803/516
f 696/804/511 701/805/511 703/802/511 702/801/511
f 701/806/512 705/807/512 706/808/512 703/809/512
f 697/810/513 704/811/513 706/808/513 705/807/513
f 704/811/514 699/812/514 700/813/514 706/808/514
f 700/813/517 703/809/517 706/808/517
f 707/814/518 710/815/518 712/816/518 711/817/518
f 710/815/519 714/818/519 715/819/519 712/816/519
f 708/820/520 713/821/520 715/822/520 714/823/520
f 713/824/521 717/825/521 718/826/521 715/827/521
f 709/828/522 716/829/522 718/826/522 717/825/522
f 716/829/523 711/830/523 712/831/523 718/826/523
f 712/831/524 715/827/524 718/826/524
f 719/832/525 722/833/525 724/834/525 723/835/525
f 722/833/526 726/836/526 727/837/526 724/834/526
f 721/843/529 728/844/529 730/845/529 729/845/529
f 728/846/530 723/835/530 724/834/530 730/847/530
f 724/834/531 727/837/531 730/847/531
f 731/848/532 734/849/532 736/850/532 735/851/532
f 734/849/533 738/852/533 739/852/533 736/850/533
f 740/862/537 735/851/537 736/850/537 742/863/537
f 736/850/538 739/852/538 742/863/538
f 719/832/581 731/848/581 735/851/581 722/833/581
f 722/833/573 735/851/573 740/862/573 726/836/573
f 709/828/589 719/832/589 723/835/589 716/829/589
f 716/829/590 723/835/590 728/846/590 711/830/590
f 711/817/591 728/844/591 721/843/591 707/814/591
f 697/810/572 709/828/572 717/825/572 704/811/572
f 704/811/573 717/825/573 713/824/573 699/812/573
f 699/799/574 713/821/574 708/820/574 695/796/574
f 731/848/592 697/810/592 705/807/592 734/849/592
f 734/849/593 705/807/593 701/806/593 738/852/593
f 738/856/594 701/805/594 696/804/594 732/853/594
f 695/796/595 743/884/595 745/885/595 698/797/595
f 698/800/596 745/886/596 746/887/596 702/801/596
f 702/801/597 746/887/597 744/888/597 696/804/597
f 743/884/598 747/889/598 749/890/598 745/885/598
f 745/886/599 749/891/599 750/892/599 746/887/599
f 746/887/600 750/892/600 748/893/600 744/888/600
f 747/889/598 752/869/598 754/870/598 749/890/598
f 749/891/599 754/871/599 753/872/599 750/892/599
f 750/892/600 753/872/600 751/873/600 748/893/600
f 707/814/601 755/894/601 757/895/601 710/815/601
f 710/815/602 757/895/602 758/896/602 714/818/602
f 714/823/603 758/897/603 756/898/603 708/820/603
f 755/894/604 759/899/604 761/900/604 757/895/604
f 757/895/605 761/900/605 762/901/605 758/896/605
f 758/897/606 762/902/606 760/903/606 756/898/606
f 759/899/604 764/874/604 766/875/604 761/900/604
f 761/900/605 766/875/605 765/876/605 762/901/605
f 762/902/606 765/877/606 763/878/606 760/903/606
f 743/884/612 695/796/612 708/820/612 756/898/612
f 719/832/610 709/828/610 697/810/610 731/848/610
f 588/907/611 732/853/611 696/804/611 744/888/611
f 755/894/608 707/814/608 721/843/608 585/906/608
f 747/889/612 743/884/612 756/898/612 760/903/612
f 589/908/611 588/907/611 744/888/611 748/893/611
f 590/909/611 589/908/611 748/893/611 751/873/611
f 752/869/612 747/889/612 760/903/612 763/878/612
f 759/899/608 755/894/608 585/906/608 586/905/608
f 764/874/608 759/899/608 586/905/608 587/904/608
o Bell
v 0.191264 -0.009366 -0.484861
v 0.191264 -0.007709 -0.483069
v 0.189230 -0.007709 -0.484861
v 0.191264 -0.009145 -0.483966
v 0.190248 -0.009145 -0.484861
v 0.190291 -0.008929 -0.484004
v 0.190248 -0.007709 -0.483308
v 0.191264 -0.008536 -0.483308
v 0.190291 -0.008501 -0.483541
v 0.189501 -0.008536 -0.484861
v 0.189501 -0.007709 -0.483966
v 0.189766 -0.008501 -0.484004
v 0.201988 -0.000238 -0.496101
v 0.199953 -0.001895 -0.492516
v 0.204022 -0.000238 -0.494308
v 0.201689 -0.001048 -0.494962
v 0.202290 -0.000238 -0.495221
v 0.201990 -0.001022 -0.494608
v 0.201246 -0.001651 -0.493392
v 0.200947 -0.001651 -0.493655
v 0.201646 -0.001468 -0.494007
v 0.203024 -0.000238 -0.494574
v 0.202729 -0.001048 -0.494045
v 0.202328 -0.001022 -0.494310
v 0.191264 -0.009366 -0.609406
v 0.189230 -0.007709 -0.609406
v 0.191264 -0.007709 -0.611199
v 0.190248 -0.009145 -0.609406
v 0.191264 -0.009145 -0.610301
v 0.190291 -0.008929 -0.610263
v 0.189501 -0.007709 -0.610301
v 0.189501 -0.008536 -0.609406
v 0.189766 -0.008501 -0.610263
v 0.191264 -0.008536 -0.610959
v 0.190248 -0.007709 -0.610959
v 0.190291 -0.008501 -0.610727
v 0.201988 -0.000238 -0.598167
v 0.204022 -0.000238 -0.599959
v 0.199953 -0.001895 -0.601752
v 0.202290 -0.000238 -0.599046
v 0.201689 -0.001048 -0.599306
v 0.201990 -0.001022 -0.599660
v 0.202729 -0.001048 -0.600222
v 0.203024 -0.000238 -0.599693
v 0.202328 -0.001022 -0.599957
v 0.200947 -0.001651 -0.600612
v 0.201246 -0.001651 -0.600876
v 0.201646 -0.001468 -0.600260
v 0.332634 -0.009366 -0.484861
v 0.334668 -0.007709 -0.484861
v 0.332634 -0.007709 -0.483069
v 0.333650 -0.009145 -0.484861
v 0.332634 -0.009145 -0.483966
v 0.333607 -0.008929 -0.484004
v 0.334397 -0.007709 -0.483966
v 0.334397 -0.008536 -0.484861
v 0.334133 -0.008501 -0.484004
v 0.332634 -0.008536 -0.483308
v 0.333650 -0.007709 -0.483308
v 0.333607 -0.008501 -0.483541
v 0.321910 -0.000238 -0.496101
v 0.319876 -0.000238 -0.494308
v 0.323945 -0.001895 -0.492516
v 0.321608 -0.000238 -0.495221
v 0.322209 -0.001048 -0.494962
v 0.321909 -0.001022 -0.494608
v 0.321169 -0.001048 -0.494045
v 0.320874 -0.000238 -0.494574
v 0.321570 -0.001022 -0.494310
v 0.322951 -0.001651 -0.493655
v 0.322652 -0.001651 -0.493392
v 0.322252 -0.001468 -0.494007
v 0.332634 -0.009366 -0.609406
v 0.332634 -0.007709 -0.611199
v 0.334668 -0.007709 -0.609406
v 0.332634 -0.009145 -0.610301
v 0.333650 -0.009145 -0.609406
v 0.333607 -0.008929 -0.610263
v 0.333650 -0.007709 -0.610959
v 0.332634 -0.008536 -0.610959
v 0.333607 -0.008501 -0.610727
v 0.334397 -0.008536 -0.609406
v 0.334397 -0.007709 -0.610301
v 0.334133 -0.008501 -0.610263
v 0.319876 -0.000238 -0.599959
v 0.321910 -0.000238 -0.598167
v 0.323945 -0.001895 -0.601752
v 0.320874 -0.000238 -0.599693
v 0.321169 -0.001048 -0.600222
v 0.321570 -0.001022 -0.599957
v 0.322209 -0.001048 -0.599306
v 0.321608 -0.000238 -0.599046
v 0.321909 -0.001022 -0.599660
v 0.322652 -0.001651 -0.600876
v 0.322951 -0.001651 -0.600612
v 0.322252 -0.001468 -0.600260
v 0.191264 -0.003552 -0.483069
v 0.191264 -0.001895 -0.484861
v 0.189230 -0.003552 -0.484861
v 0.191264 -0.002725 -0.483308
v 0.190248 -0.003552 -0.483308
v 0.190291 -0.002760 -0.483541
v 0.190248 -0.002116 -0.484861
v 0.191264 -0.002116 -0.483966
v 0.190291 -0.002331 -0.484004
v 0.189501 -0.003552 -0.483966
v 0.189501 -0.002725 -0.484861
v 0.189766 -0.002760 -0.484004
v 0.191264 -0.001895 -0.609406
v 0.191264 -0.003552 -0.611199
v 0.189230 -0.003552 -0.609406
v 0.191264 -0.002141 -0.610286
v 0.190266 -0.002141 -0.609406
v 0.190297 -0.002325 -0.610258
v 0.190266 -0.003552 -0.610933
v 0.191264 -0.002739 -0.610933
v 0.190297 -0.002764 -0.610734
v 0.189532 -0.002739 -0.609406
v 0.189532 -0.003552 -0.610286
v 0.189758 -0.002764 -0.610258
v 0.332634 -0.001895 -0.609406
v 0.334668 -0.003552 -0.609406
v 0.332634 -0.003552 -0.611199
v 0.333632 -0.002141 -0.609406
v 0.332634 -0.002141 -0.610286
v 0.333601 -0.002325 -0.610258
v 0.334367 -0.003552 -0.610286
v 0.334367 -0.002739 -0.609406
v 0.334140 -0.002764 -0.610258
v 0.332634 -0.002739 -0.610933
v 0.333632 -0.003552 -0.610933
v 0.333601 -0.002764 -0.610734
v 0.332634 -0.001895 -0.484861
v 0.332634 -0.003552 -0.483069
v 0.334668 -0.003552 -0.484861
v 0.332634 -0.002141 -0.483981
v 0.333632 -0.002141 -0.484861
v 0.333601 -0.002325 -0.484009
v 0.333632 -0.003552 -0.483335
v 0.332634 -0.002739 -0.483335
v 0.333601 -0.002764 -0.483534
v 0.334367 -0.002739 -0.484861
v 0.334367 -0.003552 -0.483981
v 0.334140 -0.002764 -0.484009
v 0.253918 0.044975 -0.541851
v 0.251883 0.043317 -0.538266
v 0.255952 0.044975 -0.540058
v 0.253619 0.044165 -0.540711
v 0.254219 0.044975 -0.540971
v 0.253919 0.044190 -0.540357
v 0.253176 0.043561 -0.539141
v 0.252877 0.043561 -0.539405
v 0.253576 0.043745 -0.539757
v 0.254954 0.044975 -0.540324
v 0.254659 0.044165 -0.539795
v 0.254257 0.044190 -0.540060
v 0.253918 0.044975 -0.552417
v 0.255952 0.044975 -0.554209
v 0.251883 0.043317 -0.556002
v 0.254219 0.044975 -0.553297
v 0.253619 0.044165 -0.553556
v 0.253919 0.044190 -0.553910
v 0.254659 0.044165 -0.554473
v 0.254954 0.044975 -0.553943
v 0.254257 0.044190 -0.554208
v 0.252877 0.043561 -0.554863
v 0.253176 0.043561 -0.555126
v 0.253576 0.043745 -0.554510
v 0.267946 0.044975 -0.554209
v 0.269981 0.044975 -0.552417
v 0.272015 0.043317 -0.556002
v 0.268945 0.044975 -0.553943
v 0.269239 0.044165 -0.554473
v 0.269641 0.044190 -0.554208
v 0.270279 0.044165 -0.553556
v 0.269679 0.044975 -0.553297
v 0.269979 0.044190 -0.553910
v 0.270722 0.043561 -0.555126
v 0.271021 0.043561 -0.554863
v 0.270322 0.043745 -0.554510
v 0.269981 0.044975 -0.541851
v 0.267946 0.044975 -0.540058
v 0.272015 0.043317 -0.538266
v 0.269679 0.044975 -0.540971
v 0.270279 0.044165 -0.540711
v 0.269979 0.044190 -0.540357
v 0.269239 0.044165 -0.539795
v 0.268945 0.044975 -0.540324
v 0.269641 0.044190 -0.540060
v 0.271021 0.043561 -0.539405
v 0.270722 0.043561 -0.539141
v 0.270322 0.043745 -0.539757
v 0.201988 0.041660 -0.496101
v 0.204022 0.041660 -0.494308
v 0.204022 0.043317 -0.496101
v 0.202260 0.041660 -0.495206
v 0.202260 0.042488 -0.496101
v 0.202524 0.042453 -0.495244
v 0.204022 0.042488 -0.494548
v 0.203006 0.041660 -0.494548
v 0.203049 0.042453 -0.494780
v 0.203006 0.043096 -0.496101
v 0.204022 0.043096 -0.495206
v 0.203049 0.042881 -0.495244
v 0.204022 0.043317 -0.598167
v 0.204022 0.041660 -0.599959
v 0.201988 0.041660 -0.598167
v 0.204022 0.043071 -0.599046
v 0.203024 0.043071 -0.598166
v 0.203055 0.042887 -0.599019
v 0.203024 0.041660 -0.599693
v 0.204022 0.042473 -0.599693
v 0.203055 0.042448 -0.599494
v 0.202290 0.042473 -0.598166
v 0.202290 0.041660 -0.599046
v 0.202516 0.042448 -0.599019
v 0.319876 0.043317 -0.598167
v 0.321910 0.041660 -0.598167
v 0.319876 0.041660 -0.599959
v 0.320874 0.043071 -0.598167
v 0.319876 0.043071 -0.599046
v 0.320843 0.042887 -0.599019
v 0.321608 0.041660 -0.599046
v 0.321608 0.042473 -0.598167
v 0.321382 0.042448 -0.599019
v 0.319876 0.042473 -0.599693
v 0.320874 0.041660 -0.599693
v 0.320843 0.042448 -0.599494
v 0.319876 0.043317 -0.496101
v 0.319876 0.041660 -0.494308
v 0.321910 0.041660 -0.496101
v 0.319876 0.043071 -0.495221
v 0.320874 0.043071 -0.496101
v 0.320843 0.042887 -0.495249
v 0.320874 0.041660 -0.494574
v 0.319876 0.042473 -0.494574
v 0.320843 0.042448 -0.494774
v 0.321608 0.042473 -0.496101
v 0.321608 0.041660 -0.495221
v 0.321382 0.042448 -0.495249
v 0.253918 0.044975 -0.541851
v 0.255952 0.044975 -0.540058
v 0.255952 0.046632 -0.541851
v 0.254189 0.044975 -0.540955
v 0.254189 0.045802 -0.541851
v 0.254453 0.045767 -0.540993
v 0.255952 0.045802 -0.540298
v 0.254936 0.044975 -0.540298
v 0.254979 0.045767 -0.540530
v 0.254936 0.046411 -0.541851
v 0.255952 0.046411 -0.540955
v 0.254979 0.046196 -0.540993
v 0.253918 0.044975 -0.552417
v 0.255952 0.046632 -0.552417
v 0.255952 0.044975 -0.554209
v 0.254189 0.045802 -0.552417
v 0.254189 0.044975 -0.553312
v 0.254453 0.045767 -0.553274
v 0.255952 0.046411 -0.553312
v 0.254936 0.046411 -0.552417
v 0.254979 0.046196 -0.553274
v 0.254936 0.044975 -0.553970
v 0.255952 0.045802 -0.553970
v 0.254979 0.045767 -0.553737
v 0.267946 0.044975 -0.554209
v 0.267946 0.046632 -0.552417
v 0.269981 0.044975 -0.552417
v 0.267946 0.045802 -0.553970
v 0.268962 0.044975 -0.553970
v 0.268919 0.045767 -0.553737
v 0.268962 0.046411 -0.552417
v 0.267946 0.046411 -0.553312
v 0.268919 0.046196 -0.553274
v 0.269709 0.044975 -0.553312
v 0.269709 0.045802 -0.552417
v 0.269445 0.045767 -0.553274
v 0.269981 0.044975 -0.541851
v 0.267946 0.046632 -0.541851
v 0.267946 0.044975 -0.540058
v 0.269709 0.045802 -0.541851
v 0.269709 0.044975 -0.540955
v 0.269445 0.045767 -0.540993
v 0.267946 0.046411 -0.540955
v 0.268962 0.046411 -0.541851
v 0.268919 0.046196 -0.540993
v 0.268962 0.044975 -0.540298
v 0.267946 0.045802 -0.540298
v 0.268919 0.045767 -0.540530
vn -0.2124 -0.9470 0.2411
vn -0.1855 -0.7215 0.6671
vn -0.2265 -0.2780 0.9335
vn -0.6404 -0.2481 0.7269
vn -0.9084 -0.3071 0.2839
vn -0.6160 -0.7562 0.2206
vn -0.5133 -0.6301 0.5826
vn -0.7039 0.6283 0.3312
vn -0.1890 0.9018 0.3887
vn -0.1240 0.9823 0.1407
vn -0.3465 0.9126 0.2171
vn -0.2759 0.5941 0.7556
vn -0.5064 0.6428 0.5748
vn -0.3630 0.8357 0.4121
vn -0.2124 -0.9470 -0.2411
vn -0.6160 -0.7562 -0.2206
vn -0.9084 -0.3071 -0.2839
vn -0.6404 -0.2481 -0.7269
vn -0.2265 -0.2780 -0.9335
vn -0.1855 -0.7215 -0.6671
vn -0.5133 -0.6301 -0.5826
vn -0.7039 0.6283 -0.3312
vn -0.5064 0.6428 -0.5748
vn -0.2759 0.5942 -0.7556
vn -0.3465 0.9126 -0.2171
vn -0.1240 0.9823 -0.1407
vn -0.1890 0.9018 -0.3887
vn -0.3630 0.8357 -0.4121
vn 0.2124 -0.9470 0.2411
vn 0.6160 -0.7562 0.2206
vn 0.9083 -0.3071 0.2839
vn 0.6404 -0.2481 0.7269
vn 0.2265 -0.2780 0.9335
vn 0.1855 -0.7215 0.6671
vn 0.5133 -0.6301 0.5826
vn 0.7039 0.6283 0.3312
vn 0.5064 0.6427 0.5748
vn 0.2759 0.5942 0.7556
vn 0.3465 0.9126 0.2170
vn 0.1240 0.9823 0.1407
vn 0.1890 0.9018 0.3887
vn 0.3630 0.8357 0.4121
vn 0.2124 -0.9470 -0.2411
vn 0.1855 -0.7215 -0.6671
vn 0.2265 -0.2780 -0.9335
vn 0.6404 -0.2481 -0.7269
vn 0.9083 -0.3071 -0.2839
vn 0.6160 -0.7562 -0.2206
vn 0.5133 -0.6301 -0.5826
vn 0.2759 0.5942 -0.7556
vn 0.5064 0.6428 -0.5748
vn 0.7039 0.6283 -0.3312
vn 0.1890 0.9018 -0.3887
vn 0.1239 0.9823 -0.1407
vn 0.3465 0.9126 -0.2171
vn 0.3630 0.8357 -0.4121
vn -0.2265 0.2780 0.9335
vn -0.1855 0.7215 0.6671
vn -0.2124 0.9470 0.2411
vn -0.6160 0.7562 0.2206
vn -0.9084 0.3071 0.2839
vn -0.6404 0.2481 0.7269
vn -0.5133 0.6301 0.5826
vn -0.2107 0.9478 -0.2392
vn -0.1572 0.7251 -0.6704
vn -0.2247 0.2759 -0.9346
vn -0.6461 0.2111 -0.7334
vn -0.9098 0.3048 -0.2818
vn -0.6204 0.7616 -0.1874
vn -0.5133 0.6301 -0.5826
vn 0.2107 0.9478 -0.2392
vn 0.6204 0.7616 -0.1874
vn 0.9098 0.3048 -0.2818
vn 0.6461 0.2111 -0.7334
vn 0.2247 0.2758 -0.9346
vn 0.1572 0.7251 -0.6704
vn 0.5133 0.6301 -0.5826
vn 0.2107 0.9478 0.2392
vn 0.1572 0.7251 0.6704
vn 0.2247 0.2758 0.9346
vn 0.6461 0.2112 0.7334
vn 0.9098 0.3048 0.2818
vn 0.6204 0.7616 0.1874
vn 0.5133 0.6301 0.5826
vn -0.2759 0.5942 0.7556
vn -0.5064 0.6427 0.5748
vn -0.5064 0.6427 -0.5748
vn 0.5064 0.6427 -0.5748
vn 0.1240 0.9823 -0.1407
vn 0.3465 0.9126 0.2171
vn -0.9083 0.3071 0.2839
vn -0.6461 0.2112 -0.7334
vn 0.6461 0.2112 -0.7334
vn 0.2247 0.2759 -0.9346
vn 0.1572 0.7251 0.6705
vn 0.2247 0.2759 0.9346
vn -0.9084 0.3071 -0.2839
vn -0.6160 0.7562 -0.2206
vn -0.2124 0.9470 -0.2411
vn -0.1855 0.7215 -0.6671
vn -0.2265 0.2780 -0.9335
vn -0.6404 0.2481 -0.7269
vn 0.2265 0.2780 -0.9335
vn 0.1855 0.7215 -0.6671
vn 0.2124 0.9470 -0.2411
vn 0.6160 0.7562 -0.2206
vn 0.9084 0.3071 -0.2839
vn 0.6404 0.2481 -0.7269
vn 0.9084 0.3071 0.2839
vn 0.6160 0.7562 0.2206
vn 0.2124 0.9470 0.2411
vn 0.1855 0.7215 0.6671
vn 0.2265 0.2780 0.9335
vn 0.6404 0.2481 0.7269
vn -0.2129 -0.9771 -0.0000
vn -0.6316 -0.7753 -0.0000
vn -0.9501 -0.3120 -0.0000
vn -0.2294 -0.0000 0.9733
vn -0.6610 -0.0000 0.7503
vn -0.9568 -0.0000 0.2906
vn -0.2260 0.9741 -0.0001
vn -0.6316 0.7753 -0.0002
vn -0.9440 0.3300 -0.0001
vn -0.2433 0.0036 -0.9699
vn -0.6610 0.0075 -0.7503
vn -0.9515 0.0040 -0.3076
vn -0.0000 -0.9707 -0.2401
vn -0.0000 -0.7342 -0.6789
vn -0.0000 -0.2780 -0.9606
vn -0.0000 0.9631 -0.2692
vn -0.0000 0.7342 -0.6789
vn -0.0000 0.3108 -0.9505
vn 0.9515 0.0040 -0.3076
vn 0.6610 0.0075 -0.7503
vn 0.2433 0.0036 -0.9699
vn 0.2129 -0.9771 -0.0000
vn 0.6316 -0.7753 -0.0000
vn 0.9501 -0.3120 -0.0000
vn 0.2391 0.9710 -0.0000
vn 0.6316 0.7753 -0.0000
vn 0.9375 0.3479 -0.0000
vn 0.2433 0.0036 0.9699
vn 0.6610 0.0075 0.7503
vn 0.9515 0.0040 0.3076
vn -0.0000 -0.9707 0.2401
vn -0.0000 -0.7342 0.6789
vn -0.0000 -0.2780 0.9606
vn 0.0001 0.9670 0.2546
vn 0.0002 0.7342 0.6789
vn 0.0001 0.2943 0.9557
vn -0.9381 0.3463 -0.0000
vn -0.6316 0.7753 -0.0000
vn -0.2379 0.9713 -0.0000
vn -0.0000 0.3092 -0.9510
vn -0.0000 0.9635 -0.2679
vn 0.9381 0.3463 -0.0000
vn 0.2379 0.9713 -0.0000
vn -0.0000 0.3093 0.9510
vn -0.0000 0.7342 0.6789
vn -0.0000 0.9635 0.2679
vn -0.6316 0.7753 -0.0003
vn -0.9440 0.3300 -0.0002
vn 0.0001 0.2944 0.9557
vn 0.9459 -0.0000 0.3246
vn 0.6610 -0.0000 0.7503
vn 0.2574 -0.0000 0.9663
vn -0.9515 -0.0004 0.3076
vn -0.6610 -0.0007 0.7503
vn -0.2433 -0.0004 0.9699
vn -0.9459 -0.0000 -0.3246
vn -0.6610 -0.0000 -0.7503
vn -0.2574 -0.0000 -0.9663
vn 0.9459 -0.0000 -0.3246
vn 0.6610 -0.0000 -0.7503
vn 0.2574 -0.0000 -0.9663
vn -0.0000 0.3093 -0.9510
vn -0.2129 0.9771 -0.0000
vn -0.9501 0.3120 -0.0000
vn -0.0000 0.9707 -0.2401
vn -0.0000 0.2780 -0.9606
vn 0.2129 0.9771 -0.0000
vn 0.9501 0.3120 -0.0000
vn -0.0000 0.9707 0.2401
vn -0.0000 0.2780 0.9606
vn -0.0000 -1.0000 -0.0000
vn -0.0001 -1.0000 -0.0000
vn 0.0001 -1.0000 -0.0000
vn -1.0000 -0.0000 -0.0000
vn -0.0000 -0.0000 1.0000
vn -0.0000 1.0000 -0.0000
vn -0.0000 -0.0000 -1.0000
vn 1.0000 -0.0000 -0.0000
vt 0.507295 0.509788
vt 0.507295 0.506310
vt 0.503964 0.506457
vt 0.503817 0.509788
vt 0.507295 0.503754
vt 0.503964 0.504658
vt 0.492553 0.527523
vt 0.496037 0.527523
vt 0.495890 0.530860
vt 0.492553 0.531007
vt 0.498599 0.527523
vt 0.497693 0.530860
vt 0.495115 0.554947
vt 0.495115 0.558430
vt 0.498451 0.558283
vt 0.498599 0.554947
vt 0.501261 0.509788
vt 0.502165 0.506457
vt 0.409291 0.744431
vt 0.413731 0.747845
vt 0.415110 0.747739
vt 0.412720 0.744431
vt 0.457704 0.043387
vt 0.462847 0.040815
vt 0.461460 0.043239
vt 0.459096 0.044430
vt 0.467333 0.037366
vt 0.463884 0.041852
vt 0.461312 0.046995
vt 0.460269 0.045603
vt 0.936392 0.011496
vt 0.936392 0.008067
vt 0.939700 0.005677
vt 0.939805 0.007056
vt 0.459228 0.048017
vt 0.456682 0.045471
vt 0.507295 0.993657
vt 0.503817 0.993657
vt 0.503964 0.996987
vt 0.507295 0.997134
vt 0.501261 0.993657
vt 0.502165 0.996987
vt 0.010415 0.554947
vt 0.006931 0.554947
vt 0.007079 0.558283
vt 0.010415 0.558430
vt 0.510078 0.498599
vt 0.510078 0.496036
vt 0.506740 0.495889
vt 0.506740 0.497693
vt 0.510078 0.492551
vt 0.506592 0.492551
vt 0.507295 0.999690
vt 0.503964 0.998786
vt 0.011489 0.744431
vt 0.008060 0.744431
vt 0.005670 0.747739
vt 0.007049 0.747845
vt 0.047913 0.045471
vt 0.045366 0.048017
vt 0.044326 0.045603
vt 0.045498 0.044430
vt 0.744424 0.011011
vt 0.747842 0.006565
vt 0.747736 0.005185
vt 0.744424 0.007578
vt 0.043282 0.046995
vt 0.040711 0.041852
vt 0.043135 0.043239
vt 0.037262 0.037366
vt 0.041748 0.040815
vt 0.046891 0.043387
vt 0.991163 0.509788
vt 0.994641 0.509788
vt 0.994494 0.506457
vt 0.991163 0.506310
vt 0.997197 0.509788
vt 0.996293 0.506457
vt 0.537506 0.490060
vt 0.537506 0.493544
vt 0.534169 0.493397
vt 0.534022 0.490060
vt 0.001676 0.527523
vt 0.004238 0.527523
vt 0.004385 0.530860
vt 0.002582 0.530860
vt 0.007722 0.527523
vt 0.007722 0.531007
vt 0.991163 0.503754
vt 0.994494 0.504658
vt 0.011937 0.759993
vt 0.008511 0.759993
vt 0.006124 0.756688
vt 0.007501 0.756583
vt 0.456682 0.459333
vt 0.459228 0.456787
vt 0.460269 0.459201
vt 0.459096 0.460374
vt 0.936392 0.409291
vt 0.939805 0.413731
vt 0.939700 0.415110
vt 0.936392 0.412720
vt 0.461312 0.457808
vt 0.463884 0.462952
vt 0.461460 0.461564
vt 0.467333 0.467437
vt 0.462847 0.463988
vt 0.457704 0.461417
vt 0.991163 0.993657
vt 0.991163 0.997134
vt 0.994494 0.996987
vt 0.994641 0.993657
vt 0.991163 0.999690
vt 0.994494 0.998786
vt 0.510078 0.007569
vt 0.510078 0.004084
vt 0.506740 0.004231
vt 0.506592 0.007569
vt 0.510078 0.001522
vt 0.506740 0.002427
vt 0.537506 0.005203
vt 0.534022 0.005203
vt 0.534169 0.001866
vt 0.537506 0.001719
vt 0.997197 0.993657
vt 0.996293 0.996987
vt 0.744424 0.409280
vt 0.744424 0.412713
vt 0.747736 0.415105
vt 0.747842 0.413725
vt 0.045366 0.456786
vt 0.047913 0.459333
vt 0.045498 0.460374
vt 0.044325 0.459201
vt 0.409301 0.759993
vt 0.413737 0.756583
vt 0.415114 0.756688
vt 0.412726 0.759993
vt 0.046891 0.461417
vt 0.041748 0.463988
vt 0.043135 0.461564
vt 0.037262 0.467437
vt 0.040711 0.462952
vt 0.043282 0.457808
vt 0.492553 0.510025
vt 0.492553 0.506541
vt 0.495890 0.506688
vt 0.496037 0.510025
vt 0.503585 0.007229
vt 0.500994 0.007229
vt 0.500845 0.003854
vt 0.502669 0.003854
vt 0.497470 0.007229
vt 0.497470 0.003705
vt 0.497470 0.001115
vt 0.500845 0.002030
vt 0.495115 0.537453
vt 0.498599 0.537453
vt 0.498451 0.534117
vt 0.495115 0.533970
vt 0.498599 0.510025
vt 0.497693 0.506688
vt 0.007125 0.007229
vt 0.003661 0.007229
vt 0.003770 0.003874
vt 0.007125 0.003765
vt 0.001115 0.007229
vt 0.001898 0.003874
vt 0.527582 0.492551
vt 0.527582 0.495977
vt 0.530900 0.495869
vt 0.531007 0.492551
vt 0.004474 0.537453
vt 0.006991 0.537453
vt 0.007099 0.534137
vt 0.005249 0.534137
vt 0.010415 0.537453
vt 0.010415 0.534030
vt 0.007125 0.001219
vt 0.003770 0.002003
vt 0.007125 0.497574
vt 0.007125 0.501038
vt 0.003770 0.500929
vt 0.003661 0.497574
vt 0.007125 0.503585
vt 0.003770 0.502801
vt 0.555005 0.005203
vt 0.555005 0.001778
vt 0.558323 0.001886
vt 0.558430 0.005203
vt 0.527582 0.001625
vt 0.527582 0.004143
vt 0.530900 0.004251
vt 0.530900 0.002400
vt 0.527582 0.007569
vt 0.531007 0.007569
vt 0.001115 0.497574
vt 0.001899 0.500929
vt 0.497470 0.497574
vt 0.500934 0.497574
vt 0.500825 0.500929
vt 0.497470 0.501038
vt 0.503480 0.497574
vt 0.502696 0.500929
vt 0.007722 0.510025
vt 0.004297 0.510025
vt 0.004405 0.506708
vt 0.007722 0.506600
vt 0.555005 0.496002
vt 0.555005 0.493485
vt 0.558323 0.493377
vt 0.558323 0.495227
vt 0.555005 0.490060
vt 0.558430 0.490060
vt 0.497470 0.503585
vt 0.500825 0.502801
vt 0.455155 0.273284
vt 0.451675 0.277810
vt 0.451783 0.279215
vt 0.455155 0.276779
vt 0.219232 0.227768
vt 0.216702 0.222708
vt 0.219086 0.224072
vt 0.220258 0.226398
vt 0.213309 0.218295
vt 0.217722 0.221688
vt 0.222782 0.224218
vt 0.221412 0.225244
vt 0.455128 0.100982
vt 0.455128 0.104504
vt 0.451730 0.106958
vt 0.451621 0.105542
vt 0.223787 0.226268
vt 0.221282 0.228773
vt 0.455155 0.231307
vt 0.455155 0.227811
vt 0.451783 0.225375
vt 0.451675 0.226781
vt 0.221282 0.276517
vt 0.223787 0.279022
vt 0.221412 0.280046
vt 0.220258 0.278892
vt 0.455128 0.158321
vt 0.451621 0.162881
vt 0.451730 0.164297
vt 0.455128 0.161842
vt 0.222782 0.281072
vt 0.217722 0.283602
vt 0.219086 0.281218
vt 0.213309 0.286995
vt 0.216702 0.282582
vt 0.219232 0.277522
vt 0.455128 0.116022
vt 0.455128 0.112500
vt 0.451730 0.110045
vt 0.451621 0.111461
vt 0.271531 0.279022
vt 0.274036 0.276517
vt 0.275060 0.278892
vt 0.273906 0.280046
vt 0.455155 0.173968
vt 0.451675 0.169442
vt 0.451783 0.168037
vt 0.455155 0.170473
vt 0.276086 0.277522
vt 0.278616 0.282582
vt 0.276232 0.281218
vt 0.282009 0.286995
vt 0.277596 0.283602
vt 0.272536 0.281072
vt 0.455155 0.215945
vt 0.455155 0.219440
vt 0.451783 0.221876
vt 0.451675 0.220471
vt 0.274036 0.228773
vt 0.271531 0.226268
vt 0.273906 0.225244
vt 0.275060 0.226398
vt 0.455128 0.058683
vt 0.451621 0.054122
vt 0.451730 0.052706
vt 0.455128 0.055161
vt 0.272536 0.224218
vt 0.277596 0.221688
vt 0.276232 0.224072
vt 0.282009 0.218295
vt 0.278616 0.222708
vt 0.276086 0.227768
vt 0.409291 0.567822
vt 0.412779 0.567822
vt 0.412632 0.564481
vt 0.409291 0.564333
vt 0.759785 0.005443
vt 0.759785 0.008008
vt 0.756445 0.008155
vt 0.756445 0.006350
vt 0.759785 0.011496
vt 0.756297 0.011496
vt 0.049987 0.048958
vt 0.049987 0.051506
vt 0.046667 0.051653
vt 0.046667 0.049859
vt 0.049987 0.054973
vt 0.046520 0.054973
vt 0.043972 0.054973
vt 0.044873 0.051653
vt 0.049987 0.450317
vt 0.049987 0.453725
vt 0.046687 0.453618
vt 0.046579 0.450317
vt 0.561651 0.011011
vt 0.564174 0.011011
vt 0.564282 0.007686
vt 0.562428 0.007686
vt 0.567607 0.011011
vt 0.567608 0.007578
vt 0.005540 0.567822
vt 0.008060 0.567822
vt 0.008168 0.564501
vt 0.006316 0.564501
vt 0.011489 0.567822
vt 0.011489 0.564393
vt 0.011489 0.561872
vt 0.008168 0.562649
vt 0.445331 0.450317
vt 0.448739 0.450317
vt 0.448632 0.453618
vt 0.445331 0.453725
vt 0.409301 0.942351
vt 0.409301 0.939833
vt 0.412619 0.939726
vt 0.412619 0.941576
vt 0.409301 0.936408
vt 0.412726 0.936408
vt 0.567607 0.415236
vt 0.567607 0.412713
vt 0.564282 0.412604
vt 0.564282 0.414459
vt 0.567607 0.409279
vt 0.564174 0.409279
vt 0.561651 0.409279
vt 0.562428 0.412605
vt 0.445331 0.054973
vt 0.445331 0.051565
vt 0.448632 0.051673
vt 0.448739 0.054973
vt 0.753836 0.409291
vt 0.756356 0.409291
vt 0.756464 0.412612
vt 0.754612 0.412612
vt 0.759785 0.409291
vt 0.759786 0.412720
vt 0.005994 0.936408
vt 0.008511 0.936408
vt 0.008619 0.939726
vt 0.006769 0.939726
vt 0.011937 0.936408
vt 0.011937 0.939833
vt 0.011937 0.942351
vt 0.008619 0.941576
vt 0.455155 0.273284
vt 0.455155 0.276840
vt 0.458560 0.276689
vt 0.458711 0.273284
vt 0.455128 0.107199
vt 0.455128 0.104565
vt 0.458559 0.104413
vt 0.458559 0.106267
vt 0.458711 0.100982
vt 0.467422 0.618262
vt 0.467422 0.615616
vt 0.470870 0.615463
vt 0.470870 0.617326
vt 0.467422 0.612016
vt 0.471022 0.612016
vt 0.473669 0.612016
vt 0.472733 0.615463
vt 0.458711 0.231307
vt 0.458560 0.227901
vt 0.455155 0.227751
vt 0.473669 0.569517
vt 0.471022 0.569517
vt 0.470870 0.566070
vt 0.472733 0.566070
vt 0.467422 0.569517
vt 0.467422 0.565917
vt 0.467422 0.563271
vt 0.470870 0.564207
vt 0.455128 0.161904
vt 0.458559 0.161752
vt 0.458711 0.158321
vt 0.455128 0.164538
vt 0.458559 0.163606
vt 0.455128 0.116022
vt 0.458711 0.116022
vt 0.458559 0.112590
vt 0.455128 0.112439
vt 0.424924 0.563271
vt 0.424924 0.565917
vt 0.421476 0.566070
vt 0.421476 0.564207
vt 0.424924 0.569517
vt 0.421324 0.569517
vt 0.418678 0.569517
vt 0.419613 0.566070
vt 0.455155 0.170412
vt 0.458560 0.170562
vt 0.458711 0.173968
vt 0.455128 0.109805
vt 0.458559 0.110736
vt 0.455155 0.215945
vt 0.458711 0.215945
vt 0.458560 0.219350
vt 0.455155 0.219501
vt 0.418678 0.612016
vt 0.421324 0.612016
vt 0.421476 0.615463
vt 0.419613 0.615463
vt 0.424924 0.612016
vt 0.424924 0.615616
vt 0.424924 0.618262
vt 0.421476 0.617327
vt 0.455128 0.058683
vt 0.455128 0.055100
vt 0.458559 0.055251
vt 0.458711 0.058683
vt 0.455128 0.052466
vt 0.458559 0.053397
vt 0.004371 0.554947
vt 0.537506 0.496106
vt 0.001957 0.750391
vt 0.418823 0.750391
vt 0.750391 0.418823
vt 0.750391 0.001467
vt 0.002415 0.754040
vt 0.418823 0.754040
vt 0.942351 0.001964
vt 0.942351 0.418823
vt 0.409291 0.561769
vt 0.753733 0.011496
vt 0.936392 0.415240
vt 0.759786 0.415240
vt 0.415240 0.744431
vt 0.415343 0.567822
vt 0.744424 0.005054
vt 0.567608 0.005054
vt 0.744424 0.415236
vt 0.275066 0.232181
vt 0.274139 0.228714
vt 0.271590 0.226165
vt 0.268123 0.225238
vt 0.220252 0.232181
vt 0.221179 0.228714
vt 0.223728 0.226165
vt 0.227195 0.225238
vt 0.220252 0.273109
vt 0.221179 0.276576
vt 0.223728 0.279125
vt 0.227195 0.280052
vt 0.275066 0.273109
vt 0.274139 0.276576
vt 0.271590 0.279125
vt 0.268123 0.280052
s 0
usemtl Gold_metal_(Imperfections)
f 779/928/620 782/929/620 784/930/620 783/931/620
f 782/932/621 786/933/621 787/934/621 784/935/621
f 780/936/622 785/937/622 787/934/622 786/933/622
f 785/937/623 789/938/623 790/939/623 787/934/623
f 781/940/624 788/941/624 790/942/624 789/943/624
f 788/944/625 783/945/625 784/935/625 790/939/625
f 784/935/626 787/934/626 790/939/626
f 803/964/634 806/965/634 808/966/634 807/967/634
f 806/968/635 810/969/635 811/970/635 808/971/635
f 804/972/636 809/973/636 811/974/636 810/975/636
f 809/976/637 813/977/637 814/978/637 811/970/637
f 805/979/638 812/980/638 814/978/638 813/977/638
f 812/980/639 807/981/639 808/971/639 814/978/639
f 808/971/640 811/970/640 814/978/640
f 827/1000/648 830/1001/648 832/1002/648 831/1003/648
f 830/1004/649 834/1005/649 835/1006/649 832/1007/649
f 828/1008/650 833/1009/650 835/1010/650 834/1011/650
f 833/1012/651 837/1013/651 838/1014/651 835/1006/651
f 829/1015/652 836/1016/652 838/1014/652 837/1013/652
f 836/1016/653 831/1017/653 832/1007/653 838/1014/653
f 832/1007/654 835/1006/654 838/1014/654
f 851/1036/662 854/1037/662 856/1038/662 855/1039/662
f 854/1040/663 858/1041/663 859/1042/663 856/1043/663
f 852/1044/664 857/1045/664 859/1046/664 858/1047/664
f 857/1048/665 861/1049/665 862/1050/665 859/1042/665
f 853/1051/666 860/1052/666 862/1050/666 861/1049/666
f 860/1052/667 855/1053/667 856/1043/667 862/1050/667
f 856/1043/668 859/1042/668 862/1050/668
f 911/1126/620 914/1127/620 916/1128/620 915/1129/620
f 914/1130/621 918/1131/621 919/1132/621 916/1133/621
f 912/1134/622 917/1135/622 919/1132/622 918/1131/622
f 917/1135/623 921/1136/623 922/1137/623 919/1132/623
f 913/1138/697 920/1139/697 922/1140/697 921/1141/697
f 920/1142/698 915/1143/698 916/1133/698 922/1137/698
f 916/1133/626 919/1132/626 922/1137/626
f 923/1144/634 926/1145/634 928/1146/634 927/1147/634
f 926/1148/699 930/1149/699 931/1150/699 928/1151/699
f 924/1152/636 929/1153/636 931/1154/636 930/1155/636
f 929/1156/637 933/1157/637 934/1158/637 931/1150/637
f 925/1159/638 932/1160/638 934/1158/638 933/1157/638
f 932/1160/639 927/1161/639 928/1151/639 934/1158/639
f 928/1151/640 931/1150/640 934/1158/640
f 935/1162/662 938/1163/662 940/1164/662 939/1165/662
f 938/1166/700 942/1167/700 943/1168/700 940/1169/700
f 936/1170/664 941/1171/664 943/1172/664 942/1173/664
f 941/1174/665 945/1175/665 946/1176/665 943/1168/665
f 937/1177/701 944/1178/701 946/1176/701 945/1175/701
f 944/1178/667 939/1179/667 940/1169/667 946/1176/667
f 940/1169/668 943/1168/668 946/1176/668
f 947/1180/648 950/1181/648 952/1182/648 951/1183/648
f 950/1184/649 954/1185/649 955/1186/649 952/1187/649
f 948/1188/650 953/1189/650 955/1190/650 954/1191/650
f 953/1192/702 957/1193/702 958/1194/702 955/1186/702
f 949/1195/652 956/1196/652 958/1194/652 957/1193/652
f 956/1196/653 951/1197/653 952/1187/653 958/1194/653
f 952/1187/654 955/1186/654 958/1194/654
f 959/1198/703 962/1199/703 964/1200/703 963/1201/703
f 962/1202/674 966/1203/674 967/1204/674 964/1205/674
f 960/1206/669 965/1207/669 967/1204/669 966/1203/669
f 965/1208/670 969/1209/670 970/1210/670 967/1211/670
f 961/1212/671 968/1213/671 970/1210/671 969/1209/671
f 968/1213/672 963/1214/672 964/1215/672 970/1210/672
f 964/1215/675 967/1211/675 970/1210/675
f 971/1216/676 974/1217/676 976/1218/676 975/1219/676
f 974/1220/677 978/1221/677 979/1222/677 976/1223/677
f 972/1224/678 977/1225/678 979/1222/678 978/1221/678
f 977/1226/704 981/1227/704 982/1228/704 979/1229/704
f 973/1230/680 980/1231/680 982/1228/680 981/1227/680
f 980/1231/681 975/1232/681 976/1233/681 982/1228/681
f 976/1233/682 979/1229/682 982/1228/682
f 983/1234/683 986/1235/683 988/1236/683 987/1237/683
f 986/1238/684 990/1239/684 991/1240/684 988/1241/684
f 984/1242/685 989/1243/685 991/1240/685 990/1239/685
f 989/1244/705 993/1245/705 994/1246/705 991/1247/705
f 985/1248/706 992/1249/706 994/1246/706 993/1245/706
f 992/1249/688 987/1250/688 988/1251/688 994/1246/688
f 988/1251/689 991/1247/689 994/1246/689
f 995/1252/690 998/1253/690 1000/1254/690 999/1255/690
f 998/1256/707 1002/1257/707 1003/1258/707 1000/1259/707
f 996/1260/708 1001/1261/708 1003/1258/708 1002/1257/708
f 1001/1262/693 1005/1263/693 1006/1264/693 1003/1265/693
f 997/1266/694 1004/1267/694 1006/1264/694 1005/1263/694
f 1004/1267/695 999/1268/695 1000/1269/695 1006/1264/695
f 1000/1269/696 1003/1265/696 1006/1264/696
f 1007/1270/673 1010/1271/673 1012/1272/673 1011/1273/673
f 1010/1274/674 1014/1275/674 1015/1276/674 1012/1277/674
f 1008/1138/669 1013/1278/669 1015/1276/669 1014/1275/669
f 1013/1279/670 1017/1280/670 1018/1281/670 1015/1282/670
f 1009/1283/671 1016/1284/671 1018/1281/671 1017/1280/671
f 1016/1284/672 1011/1285/672 1012/1286/672 1018/1281/672
f 1012/1286/675 1015/1282/675 1018/1281/675
f 1019/1144/709 1022/1287/709 1024/1288/709 1023/1289/709
f 1022/1290/710 1026/1291/710 1027/1292/710 1024/1293/710
f 1020/1294/711 1025/1295/711 1027/1292/711 1026/1291/711
f 1025/1295/712 1029/1296/712 1030/1297/712 1027/1292/712
f 1021/1152/713 1028/1298/713 1030/1299/713 1029/1300/713
f 1028/1298/714 1023/1301/714 1024/1302/714 1030/1299/714
f 1024/1293/682 1027/1292/682 1030/1297/682
f 1031/1303/715 1034/1304/715 1036/1305/715 1035/1306/715
f 1034/1307/716 1038/1308/716 1039/1309/716 1036/1310/716
f 1032/1311/717 1037/1312/717 1039/1309/717 1038/1308/717
f 1037/1312/718 1041/1313/718 1042/1314/718 1039/1309/718
f 1033/1170/719 1040/1315/719 1042/1316/719 1041/1317/719
f 1040/1318/720 1035/1306/720 1036/1305/720 1042/1319/720
f 1036/1310/689 1039/1309/689 1042/1314/689
f 1043/1320/721 1046/1321/721 1048/1322/721 1047/1323/721
f 1046/1324/722 1050/1325/722 1051/1326/722 1048/1327/722
f 1044/1328/723 1049/1329/723 1051/1326/723 1050/1325/723
f 1049/1329/724 1053/1330/724 1054/1331/724 1051/1326/724
f 1045/1332/725 1052/1333/725 1054/1334/725 1053/1335/725
f 1052/1333/726 1047/1336/726 1048/1337/726 1054/1334/726
f 1048/1327/696 1051/1326/696 1054/1331/696
f 779/928/763 803/964/763 807/967/763 782/929/763
f 782/929/764 807/967/764 812/1340/764 786/1341/764
f 786/933/765 812/980/765 805/979/765 780/936/765
f 804/972/766 851/1036/766 855/1039/766 809/973/766
f 809/973/743 855/1039/743 860/1342/743 813/1343/743
f 813/977/767 860/1052/767 853/1051/767 805/979/767
f 852/1044/768 827/1000/768 831/1003/768 857/1045/768
f 857/1045/752 831/1003/752 836/1344/752 861/1345/752
f 861/1049/769 836/1016/769 829/1015/769 853/1051/769
f 828/1008/770 781/940/770 789/943/770 833/1009/770
f 833/1009/771 789/943/771 785/1346/771 837/1347/771
f 837/1013/772 785/937/772 780/936/772 829/1015/772
f 961/1212/733 971/1216/733 975/1219/733 968/1213/733
f 968/1348/773 975/1232/773 980/1231/773 963/1201/773
f 963/1201/774 980/1231/774 973/1230/774 959/1198/774
f 971/1216/742 983/1234/742 987/1237/742 974/1217/742
f 974/1220/743 987/1250/743 992/1249/743 978/1221/743
f 978/1221/744 992/1249/744 985/1248/744 972/1224/744
f 983/1234/751 995/1252/751 999/1255/751 986/1235/751
f 986/1238/752 999/1268/752 1004/1267/752 990/1239/752
f 990/1239/753 1004/1267/753 997/1266/753 984/1242/753
f 995/1252/760 961/1212/760 969/1209/760 998/1253/760
f 998/1256/761 969/1349/761 965/1207/761 1002/1257/761
f 1002/1257/775 965/1207/775 960/1206/775 996/1260/775
f 827/1000/776 997/1266/776 1005/1263/776 830/1001/776
f 830/1350/777 1005/1351/777 1001/1261/777 834/1011/777
f 834/1011/778 1001/1261/778 996/1260/778 828/1008/778
f 959/1198/779 779/928/779 783/931/779 962/1199/779
f 962/1199/780 783/931/780 788/1352/780 966/1353/780
f 966/1203/781 788/941/781 781/940/781 960/1206/781
f 803/964/782 973/1230/782 981/1227/782 806/965/782
f 806/1354/783 981/1355/783 977/1225/783 810/975/783
f 810/975/784 977/1225/784 972/1224/784 804/972/784
f 984/1242/785 852/1044/785 858/1047/785 989/1243/785
f 989/1244/786 858/1356/786 854/1037/786 993/1245/786
f 993/1245/787 854/1037/787 851/1036/787 985/1248/787
f 911/1126/763 923/1144/763 927/1147/763 914/1127/763
f 914/1130/764 927/1161/764 932/1160/764 918/1131/764
f 918/1131/765 932/1160/765 925/1159/765 912/1134/765
f 924/1152/788 935/1162/788 939/1165/788 929/1153/788
f 929/1156/743 939/1179/743 944/1178/743 933/1157/743
f 933/1157/767 944/1178/767 937/1177/767 925/1159/767
f 936/1170/768 947/1180/768 951/1183/768 941/1171/768
f 941/1174/752 951/1197/752 956/1196/752 945/1175/752
f 945/1175/769 956/1196/769 949/1195/769 937/1177/769
f 948/1188/770 913/1138/770 921/1141/770 953/1189/770
f 953/1192/771 921/1136/771 917/1135/771 957/1193/771
f 957/1193/772 917/1135/772 912/1134/772 949/1195/772
f 1009/1283/789 1020/1294/789 1026/1291/789 1016/1284/789
f 1016/1284/764 1026/1291/764 1022/1290/764 1011/1285/764
f 1011/1273/790 1022/1287/790 1019/1144/790 1007/1270/790
f 1020/1294/791 1032/1311/791 1038/1308/791 1025/1295/791
f 1025/1295/743 1038/1308/743 1034/1307/743 1029/1296/743
f 1029/1300/792 1034/1304/792 1031/1303/792 1021/1152/792
f 1032/1311/793 1044/1328/793 1050/1325/793 1037/1312/793
f 1037/1312/752 1050/1325/752 1046/1324/752 1041/1313/752
f 1041/1317/794 1046/1321/794 1043/1320/794 1033/1170/794
f 1044/1328/795 1009/1283/795 1017/1280/795 1049/1329/795
f 1049/1329/771 1017/1280/771 1013/1279/771 1053/1330/771
f 1053/1335/796 1013/1278/796 1008/1138/796 1045/1332/796
f 947/1357/797 1043/1357/797 1047/1358/797 950/1184/797
f 950/1184/798 1047/1358/798 1052/1359/798 954/1185/798
f 954/1185/797 1052/1359/797 1045/1360/797 948/1360/797
f 1007/1361/797 911/1361/797 915/1143/797 1010/1362/797
f 1010/1362/799 915/1143/799 920/1142/799 1014/1363/799
f 1014/1363/797 920/1142/797 913/1364/797 1008/1364/797
f 923/1365/797 1019/1365/797 1023/1366/797 926/1148/797
f 926/1148/799 1023/1366/799 1028/1367/799 930/1149/799
f 930/1149/797 1028/1367/797 1021/1368/797 924/1368/797
f 1033/1369/797 936/1369/797 942/1167/797 1040/1370/797
f 1040/1370/798 942/1167/798 938/1166/798 1035/1371/798
f 1035/1371/797 938/1166/797 935/1372/797 1031/1372/797
f 803/964/800 779/928/800 959/1198/800 973/1230/800
f 781/940/801 828/1008/801 996/1260/801 960/1206/801
f 851/1036/803 804/972/803 972/1224/803 985/1248/803
f 827/1000/804 852/1044/804 984/1242/804 997/1266/804
f 923/1144/802 911/1126/802 1007/1270/802 1019/1144/802
f 912/1134/802 925/1159/802 971/1216/802 961/1212/802
f 913/1138/802 948/1188/802 1045/1332/802 1008/1138/802
f 949/1195/802 912/1134/802 961/1212/802 995/1252/802
f 925/1159/802 937/1177/802 983/1234/802 971/1216/802
f 935/1162/802 924/1152/802 1021/1152/802 1031/1303/802
f 937/1177/802 949/1195/802 995/1252/802 983/1234/802
f 947/1180/802 936/1170/802 1033/1170/802 1043/1320/802
f 1032/1311/802 1020/1294/802 1009/1283/802 1044/1328/802
usemtl Brushed_black_metal_brass
f 767/910/613 770/911/613 772/912/613 771/913/613
f 770/911/614 774/914/614 775/915/614 772/912/614
f 768/916/615 773/917/615 775/918/615 774/919/615
f 773/917/616 777/920/616 778/921/616 775/918/616
f 769/922/617 776/923/617 778/924/617 777/925/617
f 776/926/618 771/913/618 772/912/618 778/927/618
f 772/912/619 775/915/619 778/927/619
f 791/946/627 794/947/627 796/948/627 795/949/627
f 794/947/628 798/950/628 799/951/628 796/948/628
f 792/952/629 797/953/629 799/954/629 798/955/629
f 797/956/630 801/957/630 802/958/630 799/959/630
f 793/960/631 800/961/631 802/958/631 801/957/631
f 800/962/632 795/949/632 796/948/632 802/963/632
f 796/948/633 799/951/633 802/963/633
f 815/982/641 818/983/641 820/984/641 819/985/641
f 818/983/642 822/986/642 823/987/642 820/984/642
f 816/988/643 821/989/643 823/990/643 822/991/643
f 821/992/644 825/993/644 826/994/644 823/995/644
f 817/996/645 824/997/645 826/994/645 825/993/645
f 824/998/646 819/985/646 820/984/646 826/999/646
f 820/984/647 823/987/647 826/999/647
f 839/1018/655 842/1019/655 844/1020/655 843/1021/655
f 842/1019/656 846/1022/656 847/1023/656 844/1020/656
f 840/1024/657 845/1025/657 847/1026/657 846/1027/657
f 845/1025/658 849/1028/658 850/1029/658 847/1026/658
f 841/1030/659 848/1031/659 850/1032/659 849/1033/659
f 848/1034/660 843/1021/660 844/1020/660 850/1035/660
f 844/1020/661 847/1023/661 850/1035/661
f 863/1054/669 866/1055/669 868/1056/669 867/1057/669
f 866/1058/670 870/1059/670 871/1060/670 868/1061/670
f 864/1062/671 869/1063/671 871/1060/671 870/1059/671
f 869/1063/672 873/1064/672 874/1065/672 871/1060/672
f 865/1066/673 872/1067/673 874/1068/673 873/1069/673
f 872/1070/674 867/1057/674 868/1056/674 874/1071/674
f 868/1061/675 871/1060/675 874/1065/675
f 875/1072/676 878/1073/676 880/1074/676 879/1075/676
f 878/1073/677 882/1076/677 883/1077/677 880/1074/677
f 876/1078/678 881/1079/678 883/1080/678 882/1081/678
f 881/1082/679 885/1083/679 886/1084/679 883/1085/679
f 877/1086/680 884/1087/680 886/1084/680 885/1083/680
f 884/1088/681 879/1075/681 880/1074/681 886/1089/681
f 880/1074/682 883/1077/682 886/1089/682
f 887/1090/683 890/1091/683 892/1092/683 891/1093/683
f 890/1091/684 894/1094/684 895/1095/684 892/1092/684
f 888/1096/685 893/1097/685 895/1098/685 894/1099/685
f 893/1100/686 897/1101/686 898/1102/686 895/1103/686
f 889/1104/687 896/1105/687 898/1102/687 897/1101/687
f 896/1106/688 891/1093/688 892/1092/688 898/1107/688
f 892/1092/689 895/1095/689 898/1107/689
f 899/1108/690 902/1109/690 904/1110/690 903/1111/690
f 902/1109/691 906/1112/691 907/1113/691 904/1110/691
f 900/1114/692 905/1115/692 907/1116/692 906/1117/692
f 905/1118/693 909/1119/693 910/1120/693 907/1121/693
f 901/1122/694 908/1123/694 910/1120/694 909/1119/694
f 908/1124/695 903/1111/695 904/1110/695 910/1125/695
f 904/1110/696 907/1113/696 910/1125/696
f 791/946/727 767/910/727 771/913/727 794/947/727
f 794/947/728 771/913/728 776/926/728 798/950/728
f 798/955/729 776/923/729 769/922/729 792/952/729
f 768/916/730 863/1054/730 867/1057/730 773/917/730
f 773/917/731 867/1057/731 872/1070/731 777/920/731
f 777/925/732 872/1067/732 865/1066/732 769/922/732
f 864/1062/733 875/1072/733 879/1075/733 869/1063/733
f 869/1063/734 879/1075/734 884/1088/734 873/1064/734
f 873/1069/735 884/1087/735 877/1086/735 865/1066/735
f 876/1078/736 793/960/736 801/957/736 881/1079/736
f 881/1082/737 801/1338/737 797/953/737 885/1083/737
f 885/1083/738 797/953/738 792/952/738 877/1086/738
f 839/1018/739 791/946/739 795/949/739 842/1019/739
f 842/1019/740 795/949/740 800/962/740 846/1022/740
f 846/1027/741 800/961/741 793/960/741 840/1024/741
f 875/1072/742 887/1090/742 891/1093/742 878/1073/742
f 878/1073/743 891/1093/743 896/1106/743 882/1076/743
f 882/1081/744 896/1105/744 889/1104/744 876/1078/744
f 888/1096/745 841/1030/745 849/1033/745 893/1097/745
f 893/1100/746 849/1028/746 845/1025/746 897/1101/746
f 897/1101/747 845/1025/747 840/1024/747 889/1104/747
f 815/982/748 839/1018/748 843/1021/748 818/983/748
f 818/983/749 843/1021/749 848/1034/749 822/986/749
f 822/991/750 848/1031/750 841/1030/750 816/988/750
f 887/1090/751 899/1108/751 903/1111/751 890/1091/751
f 890/1091/752 903/1111/752 908/1124/752 894/1094/752
f 894/1099/753 908/1123/753 901/1122/753 888/1096/753
f 900/1114/754 817/996/754 825/993/754 905/1115/754
f 905/1118/755 825/1339/755 821/989/755 909/1119/755
f 909/1119/756 821/989/756 816/988/756 901/1122/756
f 767/910/757 815/982/757 819/985/757 770/911/757
f 770/911/758 819/985/758 824/998/758 774/914/758
f 774/919/759 824/997/759 817/996/759 768/916/759
f 899/1108/760 864/1062/760 870/1059/760 902/1109/760
f 902/1109/761 870/1059/761 866/1058/761 906/1112/761
f 906/1117/762 866/1055/762 863/1054/762 900/1114/762
f 791/946/797 839/1018/797 815/982/797 767/910/797
f 769/922/800 865/1066/800 877/1086/800 792/952/800
f 817/996/801 900/1114/801 863/1054/801 768/916/801
f 780/936/802 805/979/802 875/1072/802 864/1062/802
f 829/1015/802 780/936/802 864/1062/802 899/1108/802
f 793/960/803 876/1078/803 889/1104/803 840/1024/803
f 805/979/802 853/1051/802 887/1090/802 875/1072/802
f 841/1030/804 888/1096/804 901/1122/804 816/988/804
f 853/1051/802 829/1015/802 899/1108/802 887/1090/802
o Order
v 0.379908 0.101307 -0.347791
v 0.379908 0.105757 -0.347791
v 0.379908 0.101307 -0.445094
v 0.379908 0.105757 -0.445094
v 0.232446 0.101307 -0.445094
v 0.232446 0.105757 -0.445094
v 0.237892 0.101307 -0.347791
v 0.237892 0.105757 -0.347791
v 0.232446 0.105757 -0.428741
v 0.226348 0.105757 -0.411265
v 0.241903 0.105757 -0.395389
v 0.237892 0.105757 -0.376091
v 0.244269 0.105757 -0.361610
v 0.232446 0.101307 -0.426864
v 0.226348 0.101307 -0.412468
v 0.241903 0.101307 -0.394157
v 0.237892 0.101307 -0.376013
v 0.244269 0.101307 -0.362493
vn -0.0000 -0.0000 -1.0000
vn 1.0000 -0.0000 -0.0000
vn -0.0000 -0.0000 1.0000
vn -1.0000 -0.0000 -0.0000
vn -0.9336 -0.0270 -0.3572
vn -0.7396 0.0022 0.6730
vn -0.9773 -0.0308 -0.2094
vn -0.9094 -0.0375 0.4142
vn -0.0000 -1.0000 -0.0000
vn -0.9121 0.0405 -0.4079
vn -0.0000 1.0000 -0.0000
vt 0.394688 0.735749
vt 0.323327 0.626516
vt 0.087919 0.236756
vt 0.000087 0.306677
vt 0.019410 0.116602
vt 0.025263 0.000087
vt 0.314462 0.376883
vt 0.431689 0.361760
vt 0.016757 0.001583
vt 0.016757 0.069823
vt 0.000100 0.062796
vt 0.000100 0.001583
vt 0.139645 0.020090
vt 0.139645 0.089373
vt 0.122828 0.082739
vt 0.122891 0.024221
vt 0.985459 0.868418
vt 0.926621 0.809604
vt 0.936330 0.795338
vt 0.999913 0.858941
vt 0.125391 0.019550
vt 0.051611 0.019550
vt 0.056128 0.002867
vt 0.125681 0.002893
vt 0.162036 0.061444
vt 0.162036 0.002217
vt 0.178694 0.002464
vt 0.178746 0.058418
vt 0.512482 0.377462
vt 0.572082 0.429295
vt 0.591269 0.525585
vt 0.860700 0.999904
vt 0.524491 0.798568
vt 0.142484 0.061444
vt 0.142484 0.004478
vt 0.159196 0.001460
vt 0.159141 0.061444
vt 0.237155 0.528379
vt 0.166679 0.507669
vt 0.151401 0.420798
vt 0.172300 0.389580
vt 0.200513 0.378924
s 0
f 1059/1373/805 1060/1374/805 1058/1375/805 1057/1376/805
f 1057/1376/806 1058/1375/806 1056/1377/806 1055/1378/806
f 1055/1378/807 1056/1377/807 1062/1379/807 1061/1380/807
f 1059/1381/808 1068/1382/808 1063/1383/808 1060/1384/808
f 1064/1385/809 1063/1386/809 1068/1387/809 1069/1388/809
f 1065/1389/810 1064/1390/810 1069/1391/810 1070/1392/810
f 1066/1393/811 1065/1394/811 1070/1395/811 1071/1396/811
f 1067/1397/812 1066/1398/812 1071/1399/812 1072/1400/812
f 1055/1378/813 1061/1380/813 1072/1401/813 1071/1402/813 1070/1403/813 1069/1404/813 1068/1405/813 1059/1373/813 1057/1376/813
f 1062/1406/814 1067/1407/814 1072/1408/814 1061/1409/814
f 1058/1375/815 1060/1374/815 1063/1410/815 1064/1411/815 1065/1412/815 1066/1413/815 1067/1414/815 1062/1379/815 1056/1377/815
